movie_id,spokenLanguage_id
5,en
11,en
12,en
13,en
14,en
16,en
18,de
18,en
18,sv
19,xx
20,en
22,en
24,en
24,fr
24,ja
25,ar
25,en
25,es
25,la
28,en
28,fr
28,km
28,vi
33,en
35,en
38,en
55,es
58,el
58,en
58,tr
58,zh
59,en
62,en
62,ru
65,en
66,en
66,es
68,en
69,en
69,ru
70,en
70,ga
71,en
73,en
74,en
75,en
75,fr
76,de
76,en
76,fr
77,en
78,cn
78,de
78,en
78,hu
78,ja
79,zh
80,en
80,fr
83,en
85,ar
85,de
85,en
85,es
85,he
85,ne
87,en
87,si
89,de
89,el
89,en
90,en
95,en
95,ru
96,en
98,en
100,en
103,en
103,es
104,de
104,en
104,ja
105,en
106,en
106,es
107,en
107,ru
111,en
111,es
114,en
114,it
114,ja
115,de
115,en
115,es
115,he
116,en
117,en
118,en
120,en
121,en
122,en
128,ja
129,ja
134,en
137,en
137,fr
137,it
141,en
142,en
146,zh
149,ja
152,en
153,en
153,ja
154,en
155,en
155,zh
157,en
157,ru
161,en
161,it
162,en
163,en
163,fr
163,it
163,nl
163,zh
165,en
167,en
168,en
168,fi
169,en
170,en
170,es
172,en
173,en
174,en
176,en
177,en
179,en
179,fr
179,pt
180,en
180,sv
182,de
182,en
182,ru
182,zh
184,en
186,en
187,en
189,en
193,en
194,fr
194,ru
196,en
197,en
197,fr
197,gd
197,la
199,en
200,en
201,en
203,en
203,it
205,en
205,fr
207,en
214,en
215,en
217,de
217,en
217,ru
218,en
219,es
223,en
223,fr
226,en
227,en
231,ar
231,en
231,fa
231,fr
231,ur
231,zh
235,en
238,en
238,it
238,la
239,en
240,en
240,es
240,it
240,la
242,de
242,en
242,it
242,la
243,da
243,en
245,en
248,en
248,es
251,en
252,de
252,en
252,fr
253,en
253,hu
254,en
257,en
261,en
268,en
268,fr
272,en
272,ur
272,zh
274,en
277,en
278,en
279,de
279,en
279,it
279,la
280,en
280,es
284,en
285,en
288,en
289,de
289,en
289,fr
289,it
291,en
292,de
292,en
296,en
297,en
298,en
298,es
298,fr
302,en
302,fr
306,en
309,da
309,de
309,en
310,en
311,en
311,fr
311,it
314,en
314,es
319,en
319,it
320,en
321,en
321,fr
321,it
322,en
326,en
326,th
327,en
327,es
327,it
327,ja
329,en
329,es
330,en
331,en
331,es
332,en
332,es
332,fr
332,no
334,de
334,en
334,fr
335,en
338,de
342,de
345,en
346,ja
348,en
348,es
350,en
350,fr
364,en
377,en
380,en
380,it
387,de
387,en
387,fr
388,en
388,sq
389,en
391,es
391,it
392,en
392,fr
393,cn
393,en
393,es
393,zh
395,en
395,it
398,en
400,en
401,en
403,en
403,hu
403,pl
404,en
408,en
409,ar
409,de
409,en
409,it
411,de
411,en
414,en
415,en
421,de
421,en
421,fr
421,is
421,it
421,pt
421,tl
423,de
423,en
423,ru
424,de
424,en
424,he
424,pl
425,en
429,it
431,de
431,en
433,en
435,ar
435,en
435,es
435,fr
435,ja
436,en
436,es
440,en
451,en
453,en
454,en
455,en
455,pa
462,en
462,fr
464,en
464,it
464,sv
468,en
470,en
473,en
479,de
479,en
479,es
480,en
480,hi
489,en
492,en
492,fr
496,en
496,he
496,kk
497,en
497,fr
500,en
503,en
503,es
504,en
507,en
507,fr
508,en
508,fr
508,pt
509,en
509,es
510,en
512,en
522,en
524,en
525,en
526,en
533,en
534,en
534,it
535,en
535,pt
539,en
540,en
542,es
544,en
546,en
547,en
549,en
549,es
550,en
557,en
558,en
558,ru
558,zh
559,en
559,fr
562,de
562,en
562,it
563,en
568,en
573,en
576,de
576,en
576,es
577,en
578,en
579,en
580,en
581,en
582,de
584,en
584,es
585,en
586,en
586,sq
587,en
588,en
590,en
591,en
591,es
591,fr
591,la
592,en
593,ru
594,bg
594,en
594,es
594,fr
594,ru
595,en
597,de
597,en
597,fr
597,it
597,ru
597,sv
598,pt
601,en
602,en
603,en
604,en
605,en
605,fr
606,en
606,sw
607,en
607,es
608,en
609,en
612,ar
612,de
612,el
612,en
612,fr
612,he
612,it
612,ru
613,de
613,hu
613,ru
615,he
615,la
616,en
616,ja
617,en
619,en
621,en
622,en
622,es
622,fr
622,la
622,pl
622,pt
627,en
628,en
628,fr
629,en
629,es
629,fr
629,hu
630,en
634,en
639,en
640,en
640,fr
641,en
642,en
642,es
644,en
646,en
646,fr
650,en
652,en
654,en
657,en
657,ro
657,ru
657,tr
658,en
658,es
658,zh
660,en
660,fr
663,en
664,en
666,pt
667,en
667,ja
667,ru
668,de
668,en
670,ko
671,en
672,en
673,en
674,en
674,fr
675,en
676,en
676,fr
676,ja
679,en
680,en
680,es
680,fr
681,de
681,en
682,cn
682,en
682,th
686,en
687,en
688,en
691,ar
691,en
691,it
692,en
693,en
694,en
698,en
698,it
699,el
699,en
699,it
700,de
700,en
700,es
700,ru
702,en
703,de
703,en
704,en
707,en
708,ar
708,cs
708,de
708,en
708,fr
708,ru
708,sk
709,en
709,es
710,en
710,es
710,ru
711,en
712,en
713,en
713,mi
714,cn
714,da
714,de
714,en
714,zh
744,en
745,en
745,es
745,la
746,cs
746,en
746,ja
746,ru
746,zh
747,en
752,en
754,en
754,la
755,en
755,es
756,en
762,en
762,fr
762,la
764,en
765,en
766,en
767,en
768,en
768,hu
768,ru
769,en
769,it
770,en
771,en
772,en
772,fr
773,en
782,en
782,eo
783,en
783,hi
786,en
787,en
787,es
788,en
790,en
792,en
792,vi
794,en
794,it
794,la
795,en
795,pl
796,en
796,fr
796,vi
801,en
802,en
805,en
807,en
808,en
809,en
810,fr
811,de
811,en
812,en
813,en
816,en
817,de
817,en
818,de
818,en
818,fr
818,ja
819,en
820,en
820,es
821,en
824,en
824,es
824,fr
826,en
826,ja
826,th
834,en
834,fr
834,hu
837,en
838,en
840,en
840,es
840,fr
840,hi
841,en
841,it
844,cn
844,ja
844,zh
846,en
848,en
848,hu
849,en
850,en
853,de
853,en
853,ru
854,en
854,sv
855,en
855,so
857,cs
857,de
857,en
857,fr
859,en
860,en
861,en
862,en
863,en
864,de
864,en
864,fr
864,ru
865,en
866,en
868,af
868,xh
868,zu
869,en
872,en
873,en
874,en
874,es
874,fr
874,la
879,en
881,en
887,en
888,en
889,en
905,de
907,en
907,ru
913,en
920,en
920,it
920,ja
920,yi
921,en
924,en
924,it
925,en
926,en
927,en
927,es
928,en
935,en
943,en
944,cn
944,en
944,zh
947,ar
947,en
947,tr
948,en
950,en
951,en
951,es
953,en
953,es
953,fr
953,pt
953,th
954,cs
954,en
954,fr
955,en
956,cn
956,cs
956,de
956,en
956,it
956,zh
957,en
978,en
979,fr
985,en
987,en
990,en
1018,en
1018,es
1024,en
1051,en
1051,fr
1073,en
1088,en
1088,mi
1090,en
1091,en
1091,no
1103,en
1116,en
1116,ga
1116,la
1123,af
1123,en
1123,zu
1124,en
1125,en
1164,ar
1164,en
1164,es
1164,fr
1164,ja
1164,ru
1165,de
1165,en
1165,fr
1213,en
1213,it
1245,en
1246,en
1246,es
1248,de
1248,en
1248,ru
1250,en
1251,en
1251,ja
1255,ko
1257,en
1259,en
1259,fr
1262,en
1265,en
1266,en
1266,tr
1268,en
1271,en
1272,en
1273,en
1282,en
1359,cn
1359,en
1359,es
1360,en
1360,fr
1360,ru
1365,en
1366,en
1368,en
1369,en
1369,vi
1370,en
1370,ru
1372,af
1372,en
1378,en
1381,en
1382,en
1389,en
1391,es
1402,cn
1402,en
1408,en
1408,la
1412,en
1415,en
1417,es
1422,cn
1422,en
1424,en
1427,en
1428,en
1428,es
1429,en
1430,en
1435,en
1439,en
1439,th
1440,en
1443,en
1452,de
1452,en
1452,fr
1487,en
1487,ru
1491,en
1493,en
1493,es
1493,fr
1493,ru
1494,zh
1495,ar
1495,en
1495,it
1495,la
1497,en
1499,en
1523,de
1523,en
1523,fr
1523,sw
1535,ar
1535,cn
1535,de
1535,en
1535,fr
1537,en
1538,en
1538,es
1542,en
1544,en
1546,en
1547,en
1548,en
1550,en
1550,zh
1551,en
1551,es
1551,fr
1555,ca
1555,da
1555,de
1555,en
1555,es
1555,fr
1555,it
1562,en
1571,en
1571,fr
1571,it
1572,de
1572,en
1572,ro
1573,en
1573,es
1574,en
1574,hu
1576,en
1577,en
1578,en
1579,en
1581,en
1584,en
1585,en
1586,en
1587,en
1588,en
1590,de
1591,de
1591,en
1591,sw
1593,en
1593,he
1593,it
1597,en
1598,en
1599,en
1613,en
1619,en
1619,fr
1620,en
1620,ru
1620,sr
1621,en
1621,pt
1624,en
1635,en
1636,en
1636,es
1636,ru
1637,en
1639,en
1639,pt
1640,en
1640,es
1640,fa
1640,ko
1640,zh
1642,en
1642,es
1645,en
1646,en
1646,es
1648,de
1648,el
1648,en
1648,fr
1649,en
1651,fr
1656,en
1656,es
1656,it
1667,en
1667,fr
1669,en
1669,ru
1677,en
1683,en
1683,es
1685,en
1687,en
1688,en
1690,en
1691,en
1691,pl
1696,en
1696,es
1698,de
1698,la
1701,en
1705,en
1710,de
1710,en
1717,en
1722,de
1722,el
1722,en
1722,it
1724,en
1724,es
1724,pt
1725,en
1726,ar
1726,en
1726,fa
1726,ur
1729,en
1729,zh
1734,ar
1734,en
1735,en
1735,sa
1735,zh
1770,en
1771,en
1771,fr
1771,no
1777,ar
1777,en
1779,en
1781,en
1788,en
1792,en
1808,en
1809,de
1809,en
1813,de
1813,en
1813,es
1813,fr
1813,it
1813,zh
1817,en
1817,sw
1819,en
1824,en
1830,ar
1830,de
1830,en
1830,es
1830,fr
1830,ru
1830,tr
1830,uk
1831,en
1831,fr
1832,en
1833,en
1844,en
1850,en
1852,en
1858,en
1858,es
1865,en
1865,es
1874,en
1874,xh
1878,en
1880,en
1880,es
1880,ru
1883,ar
1883,en
1885,en
1887,en
1887,fr
1887,la
1891,en
1892,en
1893,en
1894,en
1895,en
1900,en
1900,es
1901,en
1901,it
1903,en
1904,en
1904,ja
1907,en
1907,fr
1907,hr
1907,sv
1907,th
1909,en
1911,en
1911,no
1913,es
1913,gl
1921,en
1924,en
1927,en
1927,es
1930,en
1931,en
1933,en
1933,fr
1934,en
1946,en
1947,en
1947,fr
1948,en
1948,es
1948,ko
1949,en
1950,en
1951,en
1954,en
1955,en
1956,en
1957,en
1958,fr
1961,en
1966,en
1969,en
1969,es
1970,en
1970,ja
1975,en
1975,ja
1975,ru
1979,ar
1979,en
1979,ja
1979,zh
1985,de
1985,en
1985,it
1985,sw
1988,en
1988,fr
1988,ur
1989,en
1995,en
1996,en
1996,zh
1997,en
1997,fr
1997,th
1999,en
1999,sh
2001,en
2001,ru
2008,de
2008,en
2008,zh
2009,ro
2011,de
2011,en
2011,fa
2011,fr
2013,fr
2018,en
2022,en
2023,en
2024,en
2026,en
2034,en
2034,es
2034,ko
2034,ru
2043,en
2043,ru
2044,en
2048,en
2054,en
2055,en
2056,en
2057,de
2057,en
2057,es
2057,ja
2057,la
2059,en
2059,es
2059,la
2062,en
2067,en
2069,en
2069,es
2069,fr
2074,en
2080,en
2084,en
2084,ru
2085,en
2085,zh
2088,en
2100,en
2105,en
2110,fr
2110,ja
2110,ru
2112,en
2114,en
2116,en
2118,en
2119,en
2122,en
2122,he
2122,hu
2123,de
2123,en
2133,en
2135,en
2140,en
2140,fr
2140,zh
2142,en
2148,en
2148,it
2155,en
2157,en
2162,en
2163,en
2176,en
2176,es
2185,en
2196,en
2207,en
2211,de
2251,en
2251,fr
2252,en
2252,ru
2252,tr
2252,uk
2252,ur
2253,de
2253,en
2255,en
2266,ar
2266,en
2266,es
2266,fr
2266,zh
2268,en
2268,fr
2268,is
2268,ru
2270,en
2275,en
2277,en
2280,en
2287,en
2288,en
2289,en
2290,en
2292,en
2293,en
2294,en
2295,en
2300,en
2309,en
2310,en
2312,en
2320,en
2355,en
2359,en
2359,es
2359,fr
2359,ru
2370,en
2370,es
2370,fr
2370,ru
2395,fr
2395,pt
2428,en
2447,en
2447,pt
2453,en
2454,en
2486,en
2493,en
2501,de
2501,en
2501,fr
2501,it
2501,nl
2502,de
2502,en
2502,it
2502,ru
2503,ar
2503,en
2503,es
2503,fr
2503,ru
2539,en
2539,es
2567,en
2575,en
2575,es
2577,en
2604,en
2604,es
2610,en
2610,pl
2619,en
2619,it
2621,en
2621,it
2636,en
2637,en
2639,en
2642,en
2649,cn
2649,de
2649,en
2652,en
2655,en
2661,en
2662,en
2666,en
2667,en
2669,en
2675,en
2675,pt
2687,en
2698,en
2749,cs
2749,el
2749,en
2749,ru
2752,en
2755,en
2756,en
2757,en
2757,la
2770,en
2771,en
2779,en
2779,pl
2786,fr
2787,en
2789,en
2830,en
2832,en
2841,co
2841,de
2841,fr
2895,en
2898,en
2900,en
2907,en
2925,en
2959,en
2976,en
2977,en
2977,tr
2989,en
3021,en
3028,en
3033,en
3033,hu
3034,de
3034,en
3040,de
3040,ru
3049,en
3050,en
3059,en
3062,en
3078,en
3080,en
3080,it
3082,en
3083,en
3089,de
3089,en
3089,es
3089,it
3093,de
3093,en
3116,en
3116,it
3131,en
3131,ga
3131,la
3131,zh
3132,en
3170,en
3172,en
3175,de
3175,en
3175,fr
3179,cs
3179,en
3291,en
3472,en
3472,es
3472,fr
3472,so
3482,de
3482,en
3489,en
3509,en
3512,en
3536,de
3536,en
3536,fr
3536,ru
3558,en
3580,en
3587,en
3594,en
3595,en
3597,en
3600,en
3604,en
3635,en
3638,en
3682,en
3683,en
3766,cn
3766,en
3877,en
3902,en
3933,en
3981,en
3981,fr
3989,ar
3989,en
3989,fr
3989,ko
4011,en
4012,en
4012,he
4012,hu
4032,cs
4032,en
4105,en
4105,ja
4107,en
4107,ga
4108,en
4108,fr
4108,zh
4133,en
4147,en
4148,en
4170,en
4170,es
4170,pl
4170,ru
4174,en
4232,en
4233,en
4234,en
4244,en
4248,en
4251,hi
4256,en
4257,en
4258,en
4327,cn
4327,de
4327,en
4327,fi
4327,ja
4347,en
4347,fr
4348,en
4349,ar
4349,en
4379,cs
4379,en
4379,pt
4380,en
4421,en
4442,de
4442,en
4442,fr
4442,it
4464,en
4474,en
4476,en
4476,kw
4477,en
4512,en
4513,en
4515,en
4517,en
4517,es
4517,sv
4518,en
4518,fr
4523,en
4547,en
4550,en
4550,ja
4550,ko
4551,en
4551,ru
4553,en
4566,en
4584,en
4597,de
4597,en
4599,en
4614,ar
4614,de
4614,en
4614,ru
4614,uk
4638,en
4657,en
4688,en
4723,en
4806,en
4816,en
4824,en
4824,ru
4836,en
4836,ro
4858,en
4858,ru
4911,en
4912,en
4922,en
4929,en
4935,ja
4942,de
4942,en
4944,en
4951,en
4951,fr
4953,en
4958,en
4959,de
4959,en
4959,fr
4959,it
4959,ru
4960,en
4964,en
4965,en
4967,en
4967,es
4967,he
4970,en
4982,en
4995,en
4997,en
5038,en
5038,es
5072,en
5072,hu
5072,ru
5123,en
5125,ar
5125,en
5126,en
5137,bo
5137,de
5137,en
5172,en
5174,en
5174,fr
5174,ja
5174,la
5174,zh
5175,cn
5175,en
5175,zh
5176,en
5178,en
5178,it
5236,en
5255,en
5279,en
5353,en
5353,hu
5353,sh
5393,en
5491,en
5491,fr
5494,en
5503,en
5516,en
5516,vi
5528,fr
5550,en
5550,ja
5551,en
5559,en
5689,en
5708,en
5722,en
5723,en
5759,en
5769,en
5780,de
5780,en
5780,no
5780,sv
5820,en
5822,en
5852,en
5854,en
5876,en
5900,nl
5902,de
5902,en
5902,la
5902,nl
5902,pl
5915,da
5915,en
5925,de
5925,en
5925,fr
5925,ru
5955,en
5966,en
5971,en
5971,hu
5971,it
5994,en
6007,no
6016,en
6020,en
6023,en
6038,en
6038,zh
6068,de
6068,en
6068,th
6071,en
6073,en
6073,es
6106,en
6106,es
6114,bg
6114,el
6114,en
6114,la
6114,ro
6116,en
6171,en
6217,en
6278,en
6282,en
6415,ar
6415,en
6435,en
6439,en
6440,en
6466,en
6477,en
6477,es
6477,fr
6477,ja
6478,en
6479,en
6488,en
6488,es
6519,en
6520,en
6520,fr
6521,en
6537,es
6538,ar
6538,en
6538,he
6538,ru
6538,ur
6552,en
6557,en
6575,en
6615,en
6615,es
6623,bs
6623,en
6623,hr
6623,ru
6623,sr
6639,en
6687,en
6687,es
6687,fr
6687,ru
6687,zh
6795,en
6877,en
6933,en
6947,en
6950,en
6950,fr
6950,ko
6957,en
6957,es
6961,en
6963,cs
6963,en
6964,en
6964,fr
6968,de
6968,en
6968,fr
6968,sv
6972,en
6972,ja
6973,en
6977,en
6977,es
6978,cn
6978,en
7006,en
7191,en
7191,ru
7214,en
7220,en
7278,en
7288,en
7299,en
7301,en
7303,en
7303,fr
7304,en
7304,ru
7305,en
7305,pt
7326,en
7341,en
7345,en
7347,pt
7350,en
7364,ar
7364,en
7364,fr
7443,en
7445,en
7445,fr
7446,en
7446,zh
7450,en
7450,zh
7451,cs
7451,de
7451,en
7451,es
7451,ru
7453,en
7459,en
7461,en
7461,es
7484,en
7485,en
7501,cs
7501,en
7504,hi
7509,hi
7510,en
7512,en
7515,en
7516,en
7518,en
7547,en
7548,en
7552,en
7553,en
7553,ru
7735,de
7737,en
7859,en
7863,en
7863,yi
7870,en
7870,it
7873,en
7873,es
7873,ko
7874,cs
7874,en
7913,hi
7942,en
7944,en
7973,ar
7973,fr
7978,en
7979,en
7979,ps
7979,pt
7979,ru
7979,ur
7980,en
8007,cs
8007,en
8007,es
8007,sh
8009,en
8011,en
8012,en
8046,en
8051,en
8053,en
8053,es
8054,en
8054,fr
8054,ru
8055,de
8055,el
8055,en
8055,la
8060,en
8065,en
8068,en
8069,en
8077,en
8078,en
8080,en
8090,en
8095,en
8095,pt
8141,en
8193,en
8195,en
8195,fr
8195,ru
8197,en
8198,en
8198,fr
8198,vi
8202,en
8204,en
8224,en
8247,fr
8265,fr
8271,en
8271,es
8272,en
8273,en
8285,en
8285,fr
8285,ru
8291,en
8291,fr
8292,en
8292,es
8293,de
8293,en
8321,en
8326,en
8328,en
8328,ru
8329,es
8329,ja
8337,en
8338,en
8338,ja
8346,el
8346,en
8355,en
8357,de
8357,en
8357,es
8358,en
8358,ru
8359,en
8363,en
8367,en
8373,en
8373,es
8374,en
8374,es
8386,en
8390,en
8408,en
8409,en
8409,es
8413,en
8413,la
8416,en
8416,fr
8416,it
8416,la
8416,zh
8427,en
8427,hu
8427,ru
8435,en
8452,en
8456,en
8457,en
8461,en
8467,en
8469,en
8470,en
8470,es
8487,en
8488,en
8489,en
8536,en
8545,en
8584,en
8584,es
8584,zh
8587,en
8592,en
8617,en
8617,it
8618,en
8619,en
8619,fr
8619,pt
8643,en
8645,en
8645,fr
8649,en
8656,en
8665,en
8669,en
8675,en
8675,ja
8676,en
8681,ar
8681,en
8681,fr
8681,sq
8688,cs
8688,en
8698,de
8698,en
8698,it
8699,en
8741,en
8741,ru
8744,en
8780,en
8810,en
8814,en
8814,ja
8818,en
8818,es
8831,en
8834,en
8835,en
8836,en
8838,en
8839,en
8840,en
8841,fr
8842,en
8843,en
8847,en
8848,en
8849,en
8850,en
8854,en
8859,en
8859,fr
8859,ja
8869,en
8870,en
8871,en
8872,cn
8872,en
8874,en
8874,fr
8874,it
8875,en
8879,en
8883,da
8883,de
8885,ar
8885,de
8885,en
8885,he
8909,en
8913,en
8914,en
8916,en
8920,en
8922,en
8942,en
8944,en
8944,fr
8944,he
8952,en
8953,en
8953,ja
8953,pl
8960,en
8960,ja
8961,en
8961,es
8963,en
8966,en
8967,en
8968,en
8968,fr
8968,pl
8970,en
8975,ar
8975,en
8976,en
8978,en
8978,es
8978,sr
8981,en
8982,en
8982,th
8982,vi
8982,zh
8984,en
8987,en
8988,en
8998,en
8999,en
8999,fr
9003,en
9007,en
9007,es
9007,zh
9008,ar
9008,en
9008,fa
9008,ja
9009,en
9012,en
9013,cs
9013,en
9016,en
9021,en
9022,en
9023,en
9026,de
9026,en
9027,en
9027,es
9027,hi
9027,hu
9029,en
9029,sh
9030,en
9030,es
9032,en
9032,it
9034,en
9035,en
9035,fr
9036,en
9042,cs
9042,en
9043,en
9045,de
9045,en
9045,fr
9045,it
9053,en
9059,en
9067,en
9072,en
9074,en
9075,de
9075,en
9075,he
9075,nl
9087,en
9089,en
9089,es
9092,en
9093,en
9095,en
9096,en
9099,en
9100,en
9104,en
9208,en
9257,en
9257,es
9257,fr
9260,en
9266,en
9268,en
9271,en
9273,en
9275,en
9276,en
9277,en
9279,en
9280,en
9280,es
9280,fr
9281,de
9281,en
9282,en
9285,en
9286,en
9288,en
9289,de
9289,en
9289,fr
9290,en
9291,en
9292,en
9292,it
9294,en
9297,en
9302,fr
9303,en
9304,en
9306,en
9310,en
9310,es
9311,en
9311,iu
9312,en
9313,en
9315,ar
9315,de
9315,en
9315,fr
9315,it
9315,ja
9327,en
9331,en
9334,en
9334,th
9335,en
9335,fr
9335,it
9336,en
9339,en
9339,ja
9339,pt
9341,en
9342,en
9344,en
9348,en
9350,en
9352,de
9352,en
9352,fr
9352,it
9352,ja
9353,en
9353,es
9355,en
9357,en
9358,en
9360,en
9361,en
9361,fr
9362,en
9366,en
9366,it
9366,ja
9367,es
9372,en
9374,en
9378,en
9381,en
9381,ru
9383,en
9384,en
9384,ko
9387,en
9388,en
9389,en
9389,fr
9390,en
9390,pl
9392,en
9396,en
9398,en
9400,en
9408,en
9414,en
9416,en
9422,en
9424,en
9425,en
9427,en
9428,en
9428,it
9429,en
9430,en
9433,en
9433,fr
9433,ru
9434,en
9437,en
9437,zh
9440,en
9441,en
9443,en
9443,fr
9444,en
9444,fr
9444,ru
9447,en
9448,en
9449,en
9451,en
9452,en
9454,en
9455,cn
9455,en
9455,zh
9457,en
9457,ko
9459,en
9464,en
9466,en
9469,en
9470,cn
9471,en
9471,es
9471,zh
9472,de
9472,en
9473,en
9476,en
9481,en
9486,en
9486,fr
9486,ja
9487,en
9488,en
9489,en
9490,en
9490,tr
9493,en
9495,en
9502,en
9504,en
9509,en
9509,es
9513,en
9513,pt
9515,en
9515,pl
9516,en
9517,en
9526,en
9526,no
9531,en
9531,es
9531,it
9531,th
9532,en
9532,fr
9533,en
9535,en
9541,en
9543,en
9544,en
9544,ru
9548,en
9549,en
9549,ru
9550,zh
9552,ar
9552,de
9552,el
9552,en
9552,fr
9552,la
9555,en
9557,en
9557,es
9557,sv
9562,en
9562,fr
9563,en
9566,en
9567,en
9570,en
9571,en
9573,en
9573,es
9574,en
9576,en
9582,en
9583,en
9587,de
9587,en
9587,fr
9588,en
9591,en
9593,en
9594,en
9598,en
9600,en
9603,en
9603,es
9607,en
9610,en
9613,en
9614,en
9615,en
9615,ja
9616,en
9618,en
9619,en
9620,en
9621,en
9623,en
9624,cs
9624,en
9625,en
9626,en
9631,en
9637,en
9641,en
9644,en
9645,en
9645,es
9645,it
9647,en
9654,en
9654,it
9654,uk
9655,en
9656,en
9656,it
9659,en
9662,fr
9662,pt
9664,en
9664,fr
9665,en
9667,en
9671,en
9672,de
9672,en
9675,en
9675,hy
9676,en
9678,en
9678,fr
9679,en
9682,en
9682,pl
9683,en
9685,en
9686,en
9689,en
9689,zh
9691,en
9691,es
9691,nl
9693,en
9697,en
9700,en
9701,en
9702,en
9703,en
9705,de
9705,en
9707,de
9707,en
9709,en
9713,en
9715,en
9716,en
9718,en
9725,en
9726,en
9726,fr
9726,ru
9728,en
9729,en
9730,en
9730,es
9731,en
9737,en
9741,en
9746,bo
9746,en
9746,zh
9754,en
9759,en
9760,en
9762,en
9763,en
9763,es
9766,en
9767,en
9770,en
9772,en
9772,ru
9776,en
9778,en
9779,el
9779,en
9779,es
9781,en
9782,en
9783,en
9787,en
9787,es
9792,en
9793,en
9793,es
9794,en
9794,hu
9798,en
9799,en
9800,en
9801,de
9801,en
9801,th
9802,en
9804,de
9804,en
9804,es
9806,en
9806,fr
9809,en
9809,es
9809,pl
9809,pt
9813,en
9816,en
9819,en
9819,es
9821,en
9822,en
9822,sw
9823,en
9824,en
9825,en
9826,en
9829,ar
9829,de
9829,en
9833,en
9833,it
9836,en
9837,en
9837,he
9839,am
9839,ce
9839,de
9839,en
9839,km
9842,en
9849,en
9849,it
9869,en
9870,de
9870,en
9870,ja
9877,en
9877,it
9879,en
9880,en
9882,ar
9882,en
9882,es
9884,en
9884,es
9889,en
9890,en
9893,en
9893,pt
9894,en
9895,en
9896,en
9899,en
9900,en
9900,pt
9902,en
9903,en
9906,en
9907,en
9912,en
9912,fr
9912,ru
9913,en
9916,en
9916,pt
9918,en
9919,en
9920,en
9920,vi
9922,en
9922,fr
9923,en
9923,pl
9928,en
9928,it
9930,en
9932,en
9942,en
9944,en
9945,en
9945,la
9946,en
9946,it
9946,la
9947,en
9947,ja
9950,en
9950,pl
9952,en
9954,en
9955,en
9955,ja
9957,en
9957,es
9962,en
9963,en
9969,en
9975,en
9978,en
9981,en
9981,it
9982,en
9986,en
9988,de
9988,en
9989,en
9991,en
9991,it
9992,en
10003,en
10003,ru
10008,en
10012,en
10013,en
10014,en
10016,en
10017,en
10022,en
10022,ko
10024,en
10024,hr
10025,en
10027,de
10027,en
10027,es
10028,en
10029,en
10030,en
10034,en
10040,en
10045,fr
10047,en
10047,la
10048,de
10048,en
10048,es
10048,ko
10048,ru
10050,en
10052,en
10052,es
10053,en
10054,en
10054,es
10060,en
10061,en
10065,en
10066,en
10066,ru
10067,en
10068,en
10069,en
10070,en
10071,en
10072,en
10073,en
10074,en
10075,en
10075,pl
10077,en
10077,zh
10090,en
10090,es
10092,de
10092,en
10092,pt
10096,en
10096,fr
10096,pt
10105,de
10105,en
10115,en
10117,en
10117,fr
10131,en
10132,en
10133,en
10135,en
10135,pt
10136,cs
10136,en
10136,it
10137,en
10138,en
10138,fr
10138,ru
10139,en
10140,en
10147,en
10152,en
10153,en
10154,en
10156,en
10156,fr
10156,la
10159,en
10159,pt
10160,en
10162,en
10162,ga
10162,la
10163,en
10167,en
10179,en
10183,en
10183,fr
10183,ur
10183,zh
10184,en
10185,en
10185,fr
10186,en
10186,fr
10187,en
10188,en
10189,en
10191,en
10192,en
10193,en
10193,es
10195,en
10196,en
10197,en
10197,fr
10197,it
10198,en
10198,fr
10199,en
10200,en
10200,zh
10201,en
10201,et
10201,ko
10202,en
10204,cn
10204,de
10204,en
10204,fr
10204,hi
10204,tr
10207,en
10208,en
10212,en
10212,es
10212,it
10214,en
10215,en
10217,en
10217,es
10218,en
10219,de
10219,en
10219,ja
10220,en
10220,he
10220,ru
10223,en
10225,en
10226,en
10226,fr
10226,it
10229,en
10238,sv
10246,en
10253,en
10253,ko
10269,en
10279,en
10279,it
10280,en
10281,en
10283,en
10285,en
10288,en
10306,en
10307,en
10307,it
10307,pt
10312,en
10313,en
10314,en
10315,en
10316,en
10317,en
10320,en
10327,en
10329,en
10329,fr
10330,en
10330,zh
10331,en
10333,en
10336,en
10339,en
10350,en
10353,fr
10357,de
10357,en
10357,es
10358,en
10362,en
10364,en
10364,it
10366,en
10368,en
10368,it
10368,ru
10375,en
10377,en
10383,en
10383,fr
10384,en
10385,ru
10386,en
10388,en
10388,fr
10390,en
10391,en
10393,en
10395,en
10397,en
10398,en
10400,en
10402,en
10410,en
10410,it
10410,la
10413,en
10414,en
10416,en
10425,en
10426,en
10426,fr
10426,pt
10428,en
10428,it
10428,ja
10428,ru
10431,cn
10431,en
10431,ja
10431,zh
10436,en
10436,it
10437,en
10439,en
10445,en
10448,en
10461,en
10468,en
10471,en
10472,en
10472,fr
10476,en
10477,de
10477,en
10477,es
10478,en
10480,en
10480,es
10481,en
10483,en
10488,en
10490,en
10496,en
10501,en
10514,en
10521,en
10523,en
10523,es
10527,en
10527,it
10527,th
10528,en
10528,fr
10530,en
10533,en
10534,da
10534,de
10534,en
10534,fr
10535,en
10537,en
10545,en
10545,la
10549,en
10550,en
10550,es
10555,en
10557,en
10557,ru
10557,ur
10559,en
10560,en
10563,en
10564,en
10567,en
10569,en
10571,en
10577,en
10585,en
10586,en
10588,en
10589,en
10590,en
10590,fr
10590,vi
10591,en
10592,de
10592,en
10603,en
10603,es
10610,en
10611,en
10615,en
10622,cn
10622,en
10622,zh
10623,en
10623,ko
10623,ru
10625,de
10625,en
10625,sw
10625,vi
10628,en
10629,en
10632,en
10634,en
10637,en
10641,en
10642,en
10643,ja
10646,en
10647,en
10655,en
10656,fr
10658,en
10658,pt
10661,en
10661,he
10663,en
10664,es
10673,en
10674,en
10674,zh
10676,en
10678,en
10678,fr
10681,en
10683,en
10683,ru
10684,en
10685,en
10685,vi
10691,en
10691,es
10696,en
10705,en
10705,fr
10707,en
10707,fr
10708,en
10710,en
10712,en
10715,en
10718,en
10719,en
10724,en
10724,ru
10727,en
10731,en
10733,en
10733,es
10734,en
10735,en
10739,en
10740,en
10741,de
10741,en
10741,es
10743,en
10744,en
10744,ru
10748,en
10756,en
10758,en
10760,en
10761,en
10761,fr
10761,ru
10762,en
10764,de
10764,en
10764,es
10764,fr
10764,it
10765,en
10771,cn
10771,en
10773,en
10774,de
10774,en
10776,en
10781,en
10782,en
10783,en
10786,en
10796,en
10800,fr
10802,en
10803,en
10806,en
10808,en
10822,en
10833,en
10833,ru
10844,en
10858,en
10861,en
10865,en
10865,es
10865,fr
10866,en
10871,en
10873,de
10873,en
10876,en
10877,it
10878,en
10878,es
10878,pl
10878,pt
10885,en
10885,ja
10890,en
10890,pl
10890,ru
10894,en
10895,en
10913,en
10914,en
10923,en
10925,en
10929,en
10930,fr
10934,cs
10934,de
10934,en
10934,es
10934,fr
10934,it
10934,pl
10935,de
10935,en
10935,fr
10935,pl
10935,ru
10944,en
10947,en
10950,en
10955,en
10956,en
10970,fr
10972,en
10981,en
10982,en
10984,en
10985,en
10985,it
10985,pt
10987,en
10991,en
10992,de
10992,en
10992,fr
10992,th
10994,en
10996,en
10998,en
10999,en
11001,en
11004,en
11007,en
11011,en
11011,la
11013,en
11015,en
11022,de
11022,en
11022,pl
11023,en
11023,es
11023,pt
11024,en
11025,en
11026,en
11027,en
11033,en
11036,en
11042,en
11042,fr
11051,en
11056,en
11058,en
11062,en
11065,en
11065,fr
11066,en
11066,fr
11072,de
11072,en
11072,yi
11086,en
11090,en
11091,en
11093,en
11093,fa
11096,en
11109,en
11113,en
11128,en
11129,en
11130,en
11132,en
11137,da
11137,de
11137,en
11141,en
11152,en
11152,pl
11152,ru
11153,en
11156,en
11156,fr
11162,en
11165,en
11165,ja
11170,en
11172,en
11176,en
11184,en
11186,en
11186,tr
11190,ru
11191,en
11191,fr
11194,en
11199,en
11202,en
11208,en
11212,de
11212,en
11212,fr
11217,en
11219,en
11228,en
11229,en
11232,en
11232,fr
11237,en
11237,ru
11240,en
11247,cs
11247,de
11247,en
11249,en
11253,en
11257,en
11257,it
11258,en
11260,en
11282,en
11282,hi
11283,en
11284,en
11287,en
11298,en
11302,en
11302,yi
11306,en
11308,en
11313,en
11321,en
11321,es
11322,en
11323,en
11324,de
11324,en
11336,en
11336,ru
11342,en
11351,en
11353,en
11354,en
11357,en
11358,en
11359,en
11361,en
11362,en
11363,en
11363,fr
11370,en
11370,hu
11371,en
11371,fr
11374,en
11375,en
11377,en
11382,en
11386,en
11395,en
11397,en
11398,en
11400,en
11404,en
11411,en
11411,fr
11411,it
11411,ru
11411,th
11412,en
11426,en
11431,en
11431,pl
11431,pt
11439,en
11442,en
11446,en
11451,en
11452,en
11453,en
11453,nl
11453,pl
11453,pt
11456,en
11457,en
11458,en
11459,en
11460,en
11460,ru
11467,en
11468,en
11469,en
11470,en
11478,en
11495,en
11495,it
11499,en
11499,es
11507,en
11509,en
11516,en
11516,fr
11517,en
11519,de
11519,en
11519,ja
11529,en
11531,en
11535,ar
11535,de
11535,en
11535,fr
11535,ja
11535,ko
11535,ru
11536,en
11543,en
11544,en
11545,en
11545,es
11545,fr
11545,la
11546,en
11551,en
11551,es
11551,fr
11551,hu
11560,en
11560,es
11561,en
11561,yi
11564,en
11565,en
11576,en
11577,en
11583,en
11586,en
11586,es
11586,fr
11588,en
11592,en
11596,en
11598,en
11600,en
11600,es
11601,en
11615,en
11615,es
11618,en
11619,en
11620,en
11622,de
11622,en
11622,fr
11622,la
11624,en
11624,it
11631,el
11631,en
11632,de
11632,en
11632,fr
11635,en
11637,en
11638,en
11638,fr
11638,pl
11638,pt
11644,en
11648,en
11648,hy
11658,ko
11661,de
11661,en
11661,fr
11661,la
11665,en
11665,ru
11667,en
11667,ja
11676,en
11678,en
11678,ur
11679,en
11683,en
11683,es
11683,fr
11683,it
11683,pl
11687,fr
11688,en
11690,en
11692,en
11697,en
11699,en
11699,es
11702,cn
11702,cs
11702,en
11770,cn
11770,pt
11770,th
11770,zh
11775,en
11775,fr
11778,en
11778,fr
11778,ru
11778,vi
11780,en
11798,en
11802,en
11804,en
11812,en
11817,bo
11817,de
11817,en
11817,pa
11818,ar
11818,en
11818,ku
11818,tr
11820,en
11823,en
11826,en
11827,en
11827,hu
11831,en
11831,es
11835,en
11836,en
11843,en
11858,en
11858,es
11863,en
11866,en
11870,en
11870,fr
11870,it
11873,en
11873,es
11876,fr
11876,it
11887,en
11888,en
11889,en
11891,en
11892,en
11901,en
11904,en
11908,en
11917,en
11918,en
11932,en
11934,en
11935,en
11954,en
11954,es
11956,fr
11959,en
11967,en
11968,en
11969,en
11969,es
11969,la
11971,en
11973,en
11973,ru
11975,en
11977,en
11978,en
11979,en
11980,en
11983,en
12079,en
12085,en
12088,en
12090,de
12090,en
12090,fr
12090,it
12093,en
12093,ru
12093,sv
12094,en
12096,en
12100,en
12100,ja
12100,nv
12103,en
12103,es
12103,fr
12103,it
12106,en
12107,en
12109,en
12113,ar
12113,en
12117,en
12120,en
12123,en
12133,en
12133,es
12138,en
12142,en
12142,pt
12144,en
12149,en
12150,en
12153,en
12154,en
12154,fr
12154,ru
12155,en
12158,en
12159,en
12160,en
12162,ar
12162,en
12162,tr
12163,en
12177,en
12182,en
12183,en
12184,en
12192,en
12193,en
12201,en
12207,cn
12211,en
12211,fr
12211,gd
12212,en
12220,en
12220,it
12227,en
12228,en
12244,en
12245,en
12246,mn
12246,zh
12247,en
12257,en
12271,en
12271,fr
12271,sk
12277,en
12279,en
12281,en
12289,th
12289,zh
12312,en
12400,en
12403,en
12404,en
12405,en
12405,fr
12405,hi
12410,en
12412,de
12412,en
12412,it
12429,ja
12437,en
12454,ar
12454,en
12454,fr
12479,cs
12479,en
12479,fr
12484,en
12486,en
12498,en
12506,en
12508,en
12509,en
12535,en
12535,hu
12555,cs
12555,pl
12569,en
12573,en
12573,he
12573,yi
12586,en
12586,es
12589,en
12596,en
12602,de
12610,en
12612,en
12618,en
12620,en
12621,en
12634,en
12637,en
12657,en
12657,es
12658,en
12690,en
12690,es
12703,de
12703,en
12704,en
12763,en
12770,en
12771,en
12771,es
12779,el
12779,en
12779,it
12783,en
12797,en
12797,es
12819,en
12837,en
12838,fr
12877,en
12901,en
12920,en
13001,en
13006,en
13007,ar
13007,en
13007,es
13007,fa
13007,he
13025,en
13027,en
13051,en
13051,es
13051,ru
13053,en
13056,en
13056,ru
13064,en
13067,en
13072,en
13074,en
13075,en
13079,en
13090,en
13090,es
13092,en
13121,en
13132,en
13150,en
13154,en
13154,ja
13155,en
13156,en
13158,en
13159,de
13159,en
13159,fr
13160,en
13166,en
13173,en
13173,es
13183,en
13184,en
13184,th
13187,en
13187,es
13191,en
13193,en
13197,en
13198,en
13201,en
13223,en
13250,en
13260,en
13279,en
13282,en
13335,en
13342,en
13362,en
13363,en
13370,en
13374,en
13389,en
13389,es
13389,ru
13403,de
13403,en
13405,en
13405,ja
13405,zh
13408,en
13411,en
13429,en
13435,en
13435,es
13435,ja
13435,ru
13448,de
13448,en
13448,fr
13448,it
13448,la
13448,zh
13460,en
13475,en
13476,en
13483,en
13483,ja
13490,en
13491,ar
13491,en
13491,sv
13495,es
13496,en
13497,en
13498,en
13501,en
13501,it
13503,en
13508,en
13508,fr
13508,hu
13510,en
13515,en
13516,en
13518,en
13523,en
13536,en
13537,en
13537,fr
13537,hu
13538,en
13539,en
13551,en
13569,de
13569,en
13576,en
13579,en
13596,en
13600,en
13649,en
13673,en
13673,es
13680,en
13682,en
13685,en
13685,es
13688,cn
13689,en
13700,en
13700,zh
13751,en
13768,en
13768,fr
13776,en
13778,en
13785,en
13788,en
13788,he
13805,en
13807,cn
13809,en
13809,ru
13811,en
13812,en
13816,en
13820,en
13824,en
13827,en
13827,pl
13836,en
13849,en
13849,fr
13849,pl
13853,en
13856,en
13888,en
13889,en
13889,ja
13898,fa
13908,en
13909,en
13919,en
13920,en
13922,en
13922,ja
13937,en
13938,en
13948,en
13950,en
13950,fr
13960,en
13963,en
13967,en
13972,en
13973,en
13982,en
13982,es
13983,en
13990,en
13991,en
13994,en
13994,ru
13996,de
13996,en
13996,fr
14012,en
14014,en
14022,en
14024,en
14024,fr
14033,en
14034,en
14043,cs
14043,en
14047,en
14048,en
14048,fr
14054,en
14057,en
14112,en
14113,en
14114,en
14120,en
14120,es
14137,en
14139,es
14144,en
14156,en
14160,en
14161,bo
14161,en
14161,fr
14161,hi
14161,it
14161,la
14161,pt
14161,ru
14161,zh
14164,en
14164,hi
14164,ja
14165,en
14165,hi
14175,en
14177,en
14181,en
14181,ru
14191,en
14195,en
14199,en
14202,en
14202,fr
14202,zh
14220,en
14256,en
14271,en
14275,en
14278,en
14283,de
14283,en
14283,es
14283,fr
14283,it
14283,zh
14284,hu
14290,en
14292,en
14293,en
14295,en
14299,en
14306,en
14317,en
14317,it
14324,en
14324,ru
14325,en
14337,en
14351,en
14353,en
14358,en
14358,es
14359,en
14369,en
14392,zh
14395,en
14395,hi
14396,en
14405,en
14411,cn
14411,en
14411,it
14425,en
14429,en
14434,en
14435,en
14438,en
14442,en
14444,en
14451,no
14462,en
14474,en
14517,en
14536,en
14536,es
14538,zh
14544,en
14544,es
14557,en
14560,en
14574,en
14576,en
14577,en
14578,en
14582,de
14582,en
14585,en
14608,en
14623,en
14624,en
14624,es
14629,en
14629,pt
14631,en
14635,en
14652,de
14652,en
14652,fr
14652,it
14655,en
14662,en
14709,en
14729,en
14729,sv
14736,en
14736,es
14745,en
14745,ru
14757,en
14757,fr
14757,hu
14757,ps
14758,en
14778,en
14799,en
14811,en
14811,he
14811,ru
14823,en
14834,en
14834,fr
14836,en
14844,de
14844,en
14844,es
14844,fr
14844,he
14844,it
14846,en
14849,en
14854,en
14854,es
14869,en
14869,fr
14869,gd
14873,en
14877,en
14902,en
14914,en
14976,en
15005,en
15013,en
15017,en
15017,no
15028,cs
15028,en
15037,en
15045,en
15049,en
15049,fr
15059,en
15067,ko
15070,en
15074,en
15092,en
15121,en
15121,fr
15121,it
15122,en
15122,pt
15158,en
15173,cs
15173,en
15186,en
15189,en
15198,en
15208,en
15237,en
15237,fr
15237,it
15239,en
15250,en
15256,en
15268,en
15301,de
15301,en
15301,fr
15301,vi
15365,en
15373,en
15389,en
15394,en
15487,en
15489,en
15512,en
15544,de
15544,en
15544,hu
15556,en
15568,en
15581,en
15582,en
15624,en
15639,en
15644,en
15644,es
15647,en
15648,de
15648,en
15655,en
15660,en
15670,en
15673,en
15699,en
15708,en
15745,en
15765,en
15797,en
15800,en
15875,en
15875,fr
15907,en
15927,en
15927,hi
15976,he
15983,en
15992,en
15992,it
16005,en
16016,da
16028,en
16052,en
16052,es
16072,en
16096,en
16110,de
16110,en
16112,en
16148,en
16155,en
16158,en
16161,en
16162,en
16172,en
16172,fr
16186,en
16205,en
16222,en
16232,en
16241,en
16281,en
16281,it
16288,en
16290,en
16290,ro
16300,en
16320,en
16320,zh
16323,en
16337,en
16340,en
16351,de
16351,en
16351,fr
16351,hy
16351,tr
16353,cs
16353,ru
16353,th
16353,zh
16358,en
16363,en
16388,en
16406,en
16406,fr
16428,en
16433,en
16441,en
16448,en
16471,en
16508,en
16523,en
16538,en
16558,de
16558,en
16558,es
16558,ru
16564,de
16564,en
16564,nl
16577,en
16608,en
16614,en
16617,en
16619,en
16620,en
16633,en
16642,en
16642,it
16643,en
16651,en
16651,to
16690,en
16727,bn
16727,cs
16727,en
16727,fr
16727,hi
16769,en
16781,en
16781,es
16784,en
16857,en
16858,en
16866,en
16866,es
16869,de
16869,en
16869,fr
16869,it
16871,cs
16871,en
16871,es
16871,hu
16888,en
16899,en
16911,ru
16988,en
16991,en
16995,cn
16995,en
16996,en
17043,en
17044,en
17047,en
17113,en
17127,en
17130,en
17134,cs
17134,en
17139,de
17139,en
17139,fr
17139,nl
17170,en
17182,en
17182,es
17182,fr
17182,ko
17186,en
17187,en
17202,en
17264,ar
17264,en
17264,it
17277,en
17287,en
17332,en
17334,en
17334,hi
17339,en
17339,es
17345,en
17379,en
17379,fr
17403,en
17431,en
17431,es
17436,en
17577,en
17578,en
17610,en
17622,en
17622,hu
17644,en
17654,af
17654,en
17654,ny
17654,st
17654,xh
17654,zu
17663,en
17707,en
17707,th
17708,en
17708,es
17708,th
17708,vi
17709,en
17710,en
17711,ru
17734,en
17768,en
17795,en
17813,en
17813,fr
17820,en
17834,en
17880,en
17908,en
17917,en
17926,en
17979,en
17994,de
17995,en
18041,en
18041,it
18045,en
18045,pl
18065,en
18074,en
18079,es
18126,en
18147,en
18162,en
18191,en
18206,en
18206,es
18238,en
18239,en
18239,it
18240,en
18254,de
18254,en
18254,fi
18254,fr
18254,ru
18276,en
18292,en
18320,en
18320,hu
18357,en
18360,en
18405,en
18442,en
18475,en
18480,cs
18480,de
18480,en
18487,en
18501,en
18516,en
18530,en
18533,en
18550,en
18570,en
18602,en
18602,es
18615,en
18616,en
18616,pl
18681,en
18681,fr
18701,en
18712,en
18713,en
18734,en
18736,en
18736,it
18777,en
18785,en
18808,en
18823,en
18828,en
18840,en
18840,es
18840,fr
18840,ru
18840,zh
18841,en
18869,en
18885,en
18885,fr
18886,en
18892,en
18900,en
18923,en
18925,en
18937,en
18947,en
18975,en
18975,it
19052,en
19084,en
19150,en
19150,es
19153,en
19187,ru
19204,en
19204,it
19255,en
19265,en
19316,en
19316,zh
19344,en
19366,en
19405,en
19419,en
19457,en
19457,es
19489,en
19489,es
19489,it
19489,pt
19495,en
19495,kk
19495,ro
19556,en
19585,en
19615,en
19644,ko
19724,en
19803,en
19840,en
19844,en
19848,en
19898,de
19898,en
19898,vi
19899,en
19901,en
19904,en
19905,en
19908,en
19912,en
19913,en
19913,fr
19913,sv
19933,en
19933,nl
19933,pl
19959,en
19959,fr
19994,en
19994,es
19995,en
19995,es
19997,en
20009,en
20024,en
20024,fr
20055,en
20065,en
20065,it
20083,cn
20083,en
20083,ja
20083,zh
20156,en
20156,he
20178,en
20296,hi
20309,en
20322,en
20337,en
20352,en
20360,hi
20360,it
20391,en
20391,es
20406,de
20406,en
20406,es
20406,ru
20455,de
20455,en
20468,en
20483,en
20504,en
20520,en
20520,zh
20526,en
20533,en
20542,en
20542,pl
20616,en
20653,en
20653,hi
20662,en
20662,th
20694,en
20697,en
20737,en
20761,en
20761,fr
20763,en
20764,en
20764,es
20766,en
20770,en
20794,en
20829,en
20856,en
20857,en
20862,en
20943,en
20981,en
21014,en
21014,he
21208,en
21208,et
21208,fr
21283,en
21301,en
21309,en
21311,en
21334,fa
21338,en
21345,de
21345,en
21345,ja
21345,zh
21349,en
21355,en
21355,es
21413,en
21461,hi
21494,fr
21494,hu
21512,en
21525,en
21610,en
21610,fr
21612,en
21612,it
21641,en
21724,en
21755,cs
21755,en
21755,fr
21755,ja
21765,de
21801,en
21972,en
22007,en
22013,en
22051,en
22074,en
22074,pl
22102,en
22215,en
22215,fr
22215,it
22215,la
22256,en
22267,en
22301,de
22301,en
22301,fr
22314,en
22314,it
22314,ru
22327,en
22327,fr
22345,en
22345,es
22479,en
22488,en
22530,de
22530,en
22538,en
22556,en
22597,en
22597,fr
22597,ru
22600,af
22600,en
22617,en
22617,fr
22617,it
22649,en
22787,en
22787,ru
22794,en
22796,en
22798,en
22803,en
22804,en
22805,en
22820,en
22821,en
22821,es
22821,it
22824,en
22825,en
22832,en
22881,en
22894,en
22897,en
22897,fr
22907,en
22908,en
22913,en
22947,en
22949,en
22949,uk
22954,en
22970,en
22970,ja
22971,en
22972,ar
22972,en
23048,en
23048,ru
23049,en
23069,en
23082,en
23082,pt
23168,en
23169,en
23172,en
23330,en
23367,en
23398,en
23398,fr
23479,en
23479,es
23483,en
23531,en
23531,it
23570,en
23618,en
23629,de
23629,en
23631,en
23631,es
23655,en
23685,en
23706,en
23706,es
23730,en
23742,en
23742,es
23759,en
23759,gd
23827,en
23963,en
23963,fr
23963,hy
23988,en
24021,en
24034,en
24066,en
24071,en
24100,de
24100,en
24113,en
24126,en
24137,en
24150,en
24206,en
24226,en
24227,en
24264,en
24266,en
24356,en
24363,en
24363,fr
24418,en
24420,en
24424,ar
24424,he
24428,en
24432,en
24438,en
24438,es
24438,it
24438,ru
24438,uk
24469,en
24575,en
24621,en
24662,de
24662,en
24663,en
24663,pl
24664,en
24664,hu
24684,en
24746,en
24747,en
24748,en
24803,en
24803,fr
24869,en
24913,en
24940,en
24961,en
24973,el
24973,en
24977,en
24985,en
24985,fr
25066,en
25113,en
25132,en
25166,en
25186,en
25189,en
25195,en
25196,en
25196,es
25208,en
25209,en
25212,en
25248,en
25312,en
25350,en
25353,cs
25353,en
25353,fr
25353,pl
25376,es
25379,en
25388,en
25428,de
25461,en
25461,es
25462,en
25520,en
25520,fr
25636,en
25643,en
25678,en
25704,en
25719,en
25763,en
25763,es
25769,en
25784,en
25784,vi
25786,en
25793,en
25793,it
25941,en
25968,en
25975,en
25983,en
26022,en
26022,hi
26022,ur
26039,en
26171,en
26268,en
26306,en
26320,en
26352,en
26367,en
26371,en
26379,hi
26388,en
26389,de
26389,en
26389,fr
26389,zh
26390,en
26428,en
26466,en
26486,en
26518,en
26602,en
26618,en
26665,en
26672,en
26673,en
26688,en
26710,en
26748,en
26748,es
26791,en
26815,hi
26837,en
26843,en
26843,es
26843,fr
26899,en
26916,en
26963,en
27004,en
27004,fr
27022,en
27023,en
27023,it
27029,en
27191,de
27191,en
27205,en
27205,fr
27205,ja
27322,en
27329,th
27342,en
27360,en
27374,de
27374,en
27380,en
27404,en
27420,en
27451,en
27455,en
27549,en
27551,en
27551,es
27551,it
27569,en
27573,en
27576,en
27576,ko
27576,ru
27578,en
27578,es
27579,en
27579,it
27581,en
27582,en
27585,en
27586,en
27588,de
27588,fr
27686,en
27723,en
27759,en
27845,en
27845,it
27936,fr
27983,en
27995,en
28005,en
28029,en
28053,en
28089,en
28089,es
28121,en
28165,en
28165,ja
28178,en
28178,ja
28211,en
28260,cs
28260,en
28260,it
28353,en
28355,en
28580,en
28665,en
28666,en
28902,en
28932,en
29015,en
29064,en
29064,it
29076,en
29078,en
29122,en
29146,en
29193,en
29262,pt
29339,en
29371,en
29406,en
29426,en
29427,en
29461,en
29461,it
29463,en
29514,en
29595,en
29697,en
29697,zu
29715,en
29715,es
29715,fr
29731,en
29912,en
29917,cn
29917,en
29917,fr
29920,de
29920,en
29920,es
29920,sr
29920,sv
29963,en
29963,fr
29996,en
30082,en
30128,en
30139,en
30141,en
30246,en
30309,en
30315,en
30379,en
30497,en
30596,cn
30596,en
30596,zh
30867,en
30890,en
30943,en
30973,en
30979,de
30979,en
30979,mn
31005,en
31005,he
31007,en
31064,en
31117,en
31163,en
31166,en
31174,en
31175,de
31175,el
31203,fr
31246,en
31306,en
31306,ru
31535,en
31582,en
31640,en
31668,de
31668,en
31867,en
31908,en
31909,en
31915,en
31932,en
32222,en
32235,en
32274,en
32275,en
32316,en
32395,en
32456,en
32579,en
32579,es
32657,en
32740,hi
32823,en
32856,en
33106,zh
33155,en
33157,en
33157,ru
33196,en
33196,ko
33217,en
33430,en
33468,en
33511,en
33542,cn
33542,en
33644,en
33667,en
33676,en
33676,es
33693,en
33870,en
33870,zh
33909,en
34016,en
34043,en
34043,fr
34043,hu
34069,de
34069,fr
34086,en
34099,en
34101,en
34106,en
34106,ru
34152,en
34314,en
34335,en
34341,en
34417,en
34549,en
34563,en
34584,en
34592,en
34647,en
34647,ja
34653,en
34653,es
34697,de
34697,en
34723,de
34723,en
34723,fr
34723,ru
34769,en
34806,en
34813,en
34851,en
34851,es
34851,ru
34941,en
35019,en
35032,en
35056,en
35056,he
35073,en
35073,fr
35169,en
35199,en
35219,en
35688,en
35689,en
35690,en
35691,en
35696,en
35791,en
35791,es
35791,ja
35944,en
36046,en
36047,en
36047,fr
36095,ja
36334,de
36334,en
36351,en
36355,en
36419,en
36549,en
36557,en
36557,fr
36586,cs
36586,en
36586,ro
36593,en
36597,en
36643,en
36643,ru
36647,en
36647,ru
36648,en
36648,eo
36657,en
36658,de
36658,en
36658,it
36668,en
36669,cn
36669,de
36669,en
36669,es
36669,is
36669,it
36669,ko
36670,ar
36670,en
36670,es
36670,fr
36691,en
36696,ru
36739,en
36811,en
36819,en
36825,en
36955,ar
36955,de
36955,en
36955,fr
36970,fr
37003,en
37028,en
37056,en
37056,es
37056,it
37080,en
37137,en
37165,en
37206,en
37232,dz
37233,en
37414,en
37495,ar
37495,en
37495,ur
37498,en
37498,it
37686,en
37707,en
37710,en
37710,es
37710,fr
37710,it
37710,ru
37718,en
37724,en
37735,en
37737,en
37737,es
37737,hi
37786,ar
37786,en
37799,en
37821,en
37834,de
37834,en
37834,es
37842,fr
37903,de
37903,it
37903,la
37903,pl
37931,en
37931,ru
37950,en
37958,el
37958,en
37985,en
38031,en
38033,en
38050,en
38055,en
38073,en
38093,en
38117,en
38153,en
38153,hu
38167,en
38167,it
38167,pt
38223,en
38303,en
38317,en
38319,en
38321,en
38321,pt
38321,th
38322,en
38356,en
38357,en
38357,uk
38358,en
38363,en
38365,en
38428,en
38428,hi
38448,en
38448,fr
38448,ro
38541,en
38543,da
38543,en
38543,hu
38543,la
38570,en
38570,ru
38579,en
38665,en
38717,en
38745,en
38757,en
38778,en
38780,en
38810,el
38843,en
38940,en
38940,fr
38970,en
38970,fr
38970,it
38985,de
38985,en
38985,es
38985,fr
39013,en
39037,ru
39053,en
39053,pl
39055,en
39141,en
39141,fr
39180,fr
39183,en
39209,de
39209,en
39209,es
39210,en
39210,it
39254,en
39269,en
39303,en
39349,en
39437,en
39451,en
39486,en
39513,en
39514,en
39514,ru
39538,cn
39538,en
39538,zh
39541,en
39563,en
39691,en
39691,th
39780,en
39780,fr
39781,en
39800,en
39806,en
39833,en
39845,en
39851,cn
39851,en
39851,fr
39895,de
39895,en
39939,en
40001,en
40160,en
40160,fr
40160,ru
40185,fr
40247,en
40264,en
40264,es
40428,en
40494,en
40494,it
40505,en
40652,fr
40658,en
40688,en
40769,en
40794,it
40805,en
40805,zh
40807,en
40862,en
40880,en
40914,en
40920,en
40932,en
40963,en
41009,en
41110,en
41110,it
41110,ru
41144,en
41154,en
41210,en
41216,en
41233,en
41248,fr
41283,en
41382,en
41402,en
41436,en
41439,en
41446,en
41469,en
41479,cs
41479,en
41479,fr
41488,de
41488,en
41488,fr
41488,it
41488,la
41508,de
41508,en
41508,he
41508,hu
41508,pl
41508,yi
41513,en
41515,en
41630,en
41730,en
41733,en
41733,es
41823,en
41830,en
42033,en
42057,en
42057,pa
42109,pt
42151,en
42188,en
42222,de
42222,en
42222,fr
42222,ru
42297,en
42345,en
42497,en
42497,fr
42586,de
42586,en
42618,en
42684,en
42807,en
42819,de
42819,en
42819,pl
42888,en
42889,en
42889,fr
43074,en
43090,en
43213,en
43266,cy
43266,en
43306,en
43347,en
43418,en
43434,ar
43434,de
43434,en
43434,es
43434,fr
43434,hu
43434,ja
43434,ru
43539,en
43546,en
43546,es
43546,fr
43593,en
43595,en
43610,en
43630,en
43839,en
43867,en
43867,es
43884,en
43923,en
43931,en
43933,en
43933,es
43935,en
43935,tr
43942,en
43947,en
43949,en
43959,en
44009,en
44040,en
44040,es
44040,uk
44048,en
44092,en
44092,zh
44113,en
44115,en
44147,en
44214,en
44214,fr
44214,it
44260,en
44264,en
44413,es
44490,en
44555,zh
44562,en
44564,en
44594,en
44603,en
44603,fr
44634,en
44638,en
44639,en
44718,en
44718,fr
44754,en
44770,en
44826,en
44833,en
44833,th
44835,en
44853,en
44857,en
44865,cn
44865,ja
44865,zh
44896,en
44912,en
44943,en
44944,en
44945,en
44990,en
45054,en
45132,en
45138,en
45145,en
45153,en
45226,en
45243,en
45243,th
45269,en
45272,en
45317,en
45324,en
45324,fr
45380,zh
45610,ar
45610,en
45612,en
45649,en
45650,en
45658,en
45767,en
45791,en
45881,en
45958,cn
45958,es
45958,wo
45958,zh
46138,en
46146,no
46195,en
46195,pt
46256,en
46261,en
46332,ar
46332,fr
46415,en
46415,fr
46415,hi
46420,en
46435,de
46435,en
46435,fr
46435,it
46435,ja
46503,en
46528,en
46528,th
46529,en
46529,fr
46705,en
46727,en
46729,en
46738,ar
46738,en
46738,fr
46829,en
46838,en
46849,en
46889,en
46989,en
47088,en
47327,en
47452,en
47502,en
47534,en
47607,en
47686,en
47692,en
47692,fr
47692,gd
47816,en
47889,en
47890,en
47933,en
47941,en
47964,en
47964,ru
48034,fr
48035,da
48138,ar
48138,de
48138,en
48138,tr
48171,cy
48171,en
48171,hu
48171,it
48171,la
48171,ru
48217,fr
48231,en
48289,de
48289,en
48289,ru
48309,en
48340,en
48572,en
48620,en
48988,en
49010,en
49013,en
49013,fr
49013,it
49013,ja
49017,en
49018,en
49020,en
49021,en
49022,en
49026,en
49040,en
49040,ru
49047,en
49049,en
49051,en
49081,en
49081,fr
49365,en
49444,en
49471,en
49478,en
49478,zh
49517,en
49517,fr
49517,hu
49517,ru
49519,en
49520,en
49521,en
49524,en
49526,en
49526,zh
49527,en
49529,en
49530,en
49538,de
49538,en
49538,es
49538,fr
49538,ru
49730,en
49787,en
49787,pl
49852,da
49852,en
49948,en
49950,en
49951,en
49953,en
49963,en
50014,en
50035,en
50037,en
50135,de
50321,en
50348,en
50357,cs
50357,en
50359,en
50359,ja
50359,th
50456,ar
50456,de
50456,en
50456,es
50456,fr
50456,it
50497,en
50538,fr
50544,en
50546,en
50601,en
50601,ka
50620,en
50646,en
50647,en
50698,en
50725,en
50780,en
50837,en
50839,en
50848,fr
50875,en
50942,en
51052,en
51130,en
51162,en
51384,de
51497,en
51497,es
51497,it
51497,pt
51540,en
51588,en
51820,en
51828,en
51942,en
51955,en
51995,en
52010,en
52015,en
52032,en
52067,en
52449,en
52451,en
52462,de
52520,en
52520,ru
53113,en
53182,en
53256,de
53256,en
53457,de
53457,en
53457,fr
53457,it
53457,yi
53502,en
53862,en
53953,en
53953,pl
54054,en
54138,en
54518,en
54580,de
54580,es
54702,en
54702,pl
54897,en
55123,en
55180,en
55301,en
55306,en
55347,en
55347,fr
55420,en
55465,en
55561,en
55567,en
55604,en
55616,en
55720,en
55720,es
55721,en
55779,cn
55779,en
55787,en
55787,pl
55831,en
55903,fr
56288,en
56292,ar
56292,en
56292,fr
56292,ru
56292,sv
56491,en
56601,en
56666,hi
56666,ur
56715,en
56715,fr
56930,en
57022,en
57089,en
57119,en
57120,en
57157,en
57158,en
57165,en
57201,en
57212,en
57214,en
57294,en
57431,en
57612,en
57800,en
57825,en
57825,es
57825,hi
57825,hu
57825,it
57825,pa
57876,en
57876,pt
58048,en
58051,hi
58151,en
58224,en
58233,cn
58233,de
58233,en
58233,ru
58233,zh
58428,en
58431,en
58492,en
58574,en
58595,en
58626,en
58680,en
58882,en
58882,zh
59108,en
59436,de
59436,en
59436,es
59436,fr
59440,en
59457,en
59678,en
59728,en
59859,en
59860,en
59861,en
59917,en
59930,en
59961,af
59961,en
59961,es
59962,en
59965,en
59967,en
59968,en
59981,en
60243,fa
60304,en
60307,en
60308,en
60309,en
60400,en
60400,fr
60420,en
60421,en
60421,fa
60421,fr
60422,de
60422,en
60422,fr
60599,en
61012,en
61038,en
61337,en
61752,en
61791,en
61891,en
61984,ja
62008,en
62116,fr
62177,en
62204,xx
62206,de
62206,en
62206,es
62211,en
62213,en
62214,en
62215,en
62255,en
62402,en
62630,en
62676,en
62677,en
62728,en
62764,en
62835,en
62835,es
62837,en
62838,en
63006,en
63006,hi
63020,en
63287,en
63287,es
63492,en
63574,en
64328,en
64499,en
64559,fr
64559,hu
64639,en
64678,en
64682,en
64685,en
64686,en
64686,ja
64688,en
64689,en
64690,en
64720,en
64807,en
64973,en
65055,en
65055,pt
65057,en
65086,en
65203,en
65448,en
65749,es
65754,en
65759,en
66025,en
66125,en
66125,pl
66195,en
66767,en
66942,en
66942,pt
67660,en
67675,en
67911,en
67911,pl
67913,en
67913,ga
68179,en
68202,en
68412,en
68684,en
68718,de
68718,en
68718,fr
68721,en
68722,en
68724,en
68726,en
68727,en
68727,fr
68728,en
68734,en
68734,fa
68735,en
68737,en
68812,en
68818,en
68818,es
68924,en
69270,en
69640,en
69668,en
69848,en
70006,en
70074,en
70160,en
70435,en
70435,es
70436,en
70670,da
70670,en
70670,no
70670,ru
70829,ko
70868,en
70981,en
70981,gd
71157,ar
71157,fr
71469,en
71547,en
71552,en
71676,en
71679,en
71688,en
71805,en
71805,no
71859,en
71864,en
71864,es
71866,de
71866,en
71880,en
72086,en
72105,en
72113,en
72190,en
72197,en
72207,en
72213,en
72331,en
72358,en
72359,en
72387,en
72387,ru
72387,zh
72431,de
72431,en
72431,fr
72545,en
72559,en
72570,en
72571,en
72710,en
72913,en
72914,en
72976,en
73191,en
73247,en
73511,en
73532,fr
73567,en
73873,en
73873,fr
73935,en
73937,en
73981,en
73981,hi
74084,en
74084,hi
74457,en
74465,en
74510,en
74534,en
74534,hi
74536,en
74643,fr
74725,en
74725,sv
74777,en
75033,en
75174,en
75531,en
75612,en
75638,en
75656,en
75656,fr
75674,en
75674,ru
75780,en
75861,en
75900,en
75986,en
76025,en
76163,en
76170,en
76203,en
76285,en
76338,en
76341,en
76349,en
76349,fr
76349,zh
76487,en
76489,en
76492,en
76493,en
76493,he
76494,en
76617,en
76640,en
76649,en
76706,en
76726,en
76757,en
76758,en
76758,ja
76758,zh
76996,en
77016,en
77016,es
77156,en
77174,en
77459,fr
77495,es
77866,en
77875,en
77877,en
77883,en
77930,en
77931,en
77934,de
77934,en
77948,en
77948,es
77949,en
77949,fr
77950,en
77951,en
77953,en
77987,en
77987,th
78149,en
78149,ru
78307,en
78373,en
78381,en
78383,en
78394,en
78698,en
78705,es
78814,en
79120,en
79316,en
79587,en
79587,it
79694,en
79698,en
79777,bs
79777,en
79777,hr
79777,sr
79940,en
80035,en
80215,en
80271,en
80274,en
80278,en
80278,es
80278,sv
80278,th
80304,en
80304,es
80321,en
80321,es
80321,th
80468,en
80585,en
80585,th
81005,en
81188,en
81188,fr
81220,en
81390,en
81390,it
81796,en
81836,en
81836,it
82505,en
82507,br
82507,en
82507,fr
82507,pt
82525,en
82532,en
82533,en
82631,en
82650,en
82654,en
82675,ar
82675,en
82675,tr
82679,en
82682,en
82684,en
82687,en
82690,en
82693,en
82695,en
82696,en
82700,en
82702,en
82703,en
82990,en
83542,en
83588,en
83666,en
83686,en
83686,fr
83770,en
83770,fr
83860,en
84174,en
84175,en
84178,en
84184,en
84188,de
84188,en
84188,fr
84200,en
84204,en
84318,en
84329,en
84332,en
84355,en
84892,en
85350,en
85350,es
85446,en
85860,en
86304,en
86331,fr
86549,en
86549,es
86812,en
86825,en
86829,en
86834,en
86837,fr
86838,en
86838,vi
87093,en
87093,fr
87093,it
87101,en
87421,en
87428,en
87499,en
87502,en
87567,en
87567,es
87567,la
87729,en
87818,en
87825,en
87826,en
87827,en
87827,fr
87827,hi
87827,ja
87827,ta
87827,zh
87943,en
88005,en
88036,en
88036,fr
88042,en
88641,en
88751,en
88751,is
88751,it
88794,en
89325,en
89492,en
89540,es
89708,en
89750,en
89857,en
89861,en
90369,de
90369,en
90369,fr
90414,en
91070,en
91076,en
91122,en
91314,en
91586,en
91586,th
91721,en
92182,en
92591,en
92635,en
93456,en
93856,en
94329,id
94348,de
94348,en
94352,en
95755,en
96238,en
96399,en
96399,es
96534,en
96721,de
96721,en
96721,fr
96721,it
96724,en
96724,fr
97020,en
97367,en
97367,es
97370,en
97430,en
97614,en
97630,ar
97630,en
98357,en
98369,en
98549,en
98549,fr
98557,en
98566,en
98568,de
98568,en
99826,en
99861,en
100042,en
100241,en
100275,en
100402,en
100975,en
101173,en
101179,en
101267,en
101299,en
102362,en
102362,es
102362,fr
102362,sq
102382,en
102651,en
102899,en
103328,fr
103370,en
103620,en
103663,da
103663,en
103663,pl
103731,en
103903,en
104755,en
104896,en
105864,en
106646,en
106646,fr
106747,en
106747,es
106845,en
107315,en
107811,en
107846,ar
107846,de
107846,en
107846,ur
107985,en
108346,en
109091,en
109414,en
109417,en
109418,en
109421,en
109421,fr
109424,en
109424,so
109428,en
109431,en
109443,en
109445,en
109451,en
109491,en
109513,en
109513,fr
109513,pl
109729,en
110402,ru
110415,en
110415,fr
110415,ja
110415,ko
110683,en
111190,en
111794,en
112456,en
112937,en
112949,en
112949,pt
113406,en
113464,en
113947,en
114150,en
114635,en
115210,en
115872,en
115872,fr
115872,hu
116149,en
116584,en
116613,en
116613,sr
116711,en
116741,en
116745,en
116977,en
117251,en
117263,en
117263,ko
117942,en
118340,en
118452,en
118612,en
118957,en
119283,en
119450,en
119458,en
119657,es
120467,en
120467,fr
121676,ar
121676,en
121826,en
121826,fr
121986,en
122081,en
122906,en
122917,en
123553,en
123678,en
123678,id
124459,en
124606,en
125052,en
125123,en
125490,en
125537,en
126141,fr
126186,en
126319,fr
126509,en
127493,en
127493,sv
127560,en
127585,en
127867,en
127918,en
127918,he
129139,en
129670,en
129670,es
130150,en
131631,en
131634,en
132232,en
132316,hi
132344,el
132344,en
132344,fr
132363,en
133575,en
133694,en
133698,fr
133698,it
133698,pl
133805,en
133931,en
134371,en
134374,en
134411,en
134411,es
134597,en
135397,en
135595,en
135595,zh
136400,en
136400,es
136795,bg
136795,en
136795,es
136797,en
136835,en
137093,en
137094,en
137106,en
137113,en
137321,en
137347,en
137347,ro
138103,en
138697,en
138832,en
138843,en
139038,en
139715,en
139948,en
139998,en
140300,en
140823,en
142061,en
142132,en
144336,en
144340,en
145220,de
145220,en
146198,en
146203,en
146216,en
146216,fr
146216,ru
146227,en
146233,en
146238,en
146239,en
146269,en
146304,en
146631,en
146631,fr
146882,fr
147441,en
147767,hi
147773,en
150202,en
150540,en
150689,en
152532,en
152532,ja
152599,en
152599,la
152599,pl
152601,en
152737,en
152742,en
152747,en
152760,de
152760,en
152760,fr
152760,ru
153158,en
153158,es
153397,en
153518,en
153795,en
156022,en
157058,en
157185,en
157293,hi
157336,en
157350,en
157353,en
157354,en
157386,en
157422,en
157544,de
157544,en
157547,en
157841,en
157847,en
157849,en
157909,en
158011,en
158015,en
158150,en
158752,en
158852,en
158895,en
159014,en
159037,ar
159770,en
159824,en
159824,th
160588,en
161795,en
162396,en
162903,en
164372,ru
164457,en
164558,en
164558,pt
165864,en
166424,en
166624,en
167073,en
168027,en
168259,en
168530,en
168672,en
168705,en
168705,pt
169917,en
170480,en
170687,en
171274,en
171424,en
171759,de
171759,en
172385,en
172385,pt
172391,en
172533,en
173224,en
173931,de
173931,en
173931,ru
173931,zh
174311,en
174362,en
174751,en
175291,en
175528,en
175541,en
175555,en
175574,en
176077,en
176124,de
176124,en
177572,en
177677,de
177677,en
177677,sv
178862,en
179144,es
179144,it
179144,ja
179144,zh
180296,en
180383,en
181283,en
181330,en
181533,en
181940,en
182873,en
183894,en
184098,en
184315,en
184341,en
184341,es
184345,en
184346,en
184374,es
184374,fr
185008,hi
185465,en
185465,es
185567,en
186935,es
187017,en
188161,en
188166,en
188207,en
188652,en
188927,en
190847,en
190859,en
190955,en
190955,es
190955,it
191229,en
191229,es
191714,en
191714,hi
192102,en
192132,en
192134,en
192136,af
192136,en
192136,xh
192141,en
192141,fr
192141,th
192210,en
192210,pt
192210,ru
192577,ja
193603,en
193610,en
193613,en
193722,ja
193756,en
193893,en
194662,en
195589,en
196867,en
198062,en
198184,en
198185,en
198185,hi
198277,en
198370,en
198663,en
199373,en
199933,en
200505,en
201088,en
201088,es
201088,it
201088,zh
201132,en
202575,de
202575,en
202575,fr
202604,en
202604,it
203801,de
203801,en
203801,it
203801,ru
203833,de
203833,en
204082,en
204922,en
205126,de
205126,en
205126,fr
205220,en
205321,en
205584,en
205587,en
205588,en
205588,fr
205588,ru
205596,en
205775,en
206197,en
206213,en
206284,en
206296,en
206563,en
206563,pt
206647,de
206647,en
206647,es
206647,fr
206647,it
207769,en
208134,en
208763,en
208763,ru
208869,en
209112,en
209263,en
209274,pl
209403,en
209451,en
210577,en
210860,en
211086,hi
211557,en
211672,en
211954,en
211954,es
214756,en
215211,en
215211,fr
215881,en
215918,en
215924,es
216015,en
216282,en
217708,en
217708,es
217708,is
217708,ru
217708,sv
218043,en
218500,en
218778,en
220488,zh
222649,en
222899,en
222935,en
222936,en
222936,ru
223485,en
223485,tr
223702,en
224141,en
224569,en
224569,ru
225235,ru
225565,en
225574,de
225574,en
225886,en
226354,en
226458,en
226486,en
226857,en
227156,en
227159,en
227306,en
227306,it
227306,ja
227348,en
227707,en
227719,en
227735,en
227783,en
227973,en
227975,de
227975,pt
228066,en
228150,en
228161,en
228165,en
228194,en
228194,fr
228194,hi
228203,en
228203,it
228205,en
228326,en
228550,en
228967,en
228967,ko
228970,en
230266,en
231576,en
231617,en
232672,en
232679,en
234212,en
235260,en
235260,he
235271,en
236751,en
238603,en
238615,en
238636,en
239563,en
239566,en
239571,en
239573,en
239678,en
239897,en
240832,en
240832,es
240832,fr
240832,ko
240832,zh
241239,en
241239,es
241251,en
241254,en
241257,en
241259,en
241554,en
241766,en
241766,it
241771,en
242083,en
242095,en
242166,en
242512,en
242575,de
242575,es
242582,en
243938,en
243940,en
244114,cn
244114,zh
244267,en
244316,en
244339,cn
244403,en
244534,en
244772,en
244776,en
244783,en
244786,en
245700,en
245703,en
245846,en
245916,en
246403,en
246449,en
246655,en
248402,en
248774,en
249164,en
250066,en
250124,en
250184,en
250349,fr
250546,en
250902,en
251321,en
251321,fr
251471,en
251979,en
252360,en
252512,en
252680,en
253235,en
253253,en
253261,en
253290,en
253306,en
253331,en
253412,en
253450,zh
253626,en
254024,en
254024,fr
254128,en
254470,en
254472,en
254473,en
254904,en
255266,en
255343,en
255343,es
256040,hi
256040,ml
256040,ta
256040,te
256092,en
256274,en
256591,en
256687,en
256740,en
256917,el
256917,en
256917,ru
256917,tr
256924,en
256924,it
256961,en
256962,en
257087,en
257088,en
257091,en
257211,en
257344,en
257445,en
257932,cn
257932,en
257932,ru
257932,zh
258489,en
258509,en
258755,es
259693,en
259694,en
259943,zh
260346,en
260778,ta
260947,en
261023,en
262500,en
262504,en
262543,en
264644,en
264656,en
264660,en
264999,en
265208,en
266034,fr
266102,en
266396,en
266396,es
266647,en
266856,en
266856,fr
266856,it
266856,la
266857,en
267860,en
267935,en
268171,fr
268238,en
268917,en
268920,en
268920,es
269057,en
270303,en
270487,en
270554,en
270938,en
270946,en
271110,de
271110,en
271110,ro
271110,ru
271185,en
271331,en
271718,en
271969,en
272693,en
272878,en
273248,en
273248,es
273481,en
273481,es
273895,en
273899,en
274167,en
274479,en
274479,es
274758,en
274854,en
276907,en
277216,en
277519,cn
277685,en
278316,en
278348,en
278927,en
280092,en
280092,th
280381,en
280391,en
280391,fr
280871,ta
281730,en
281730,hi
281957,en
281957,fr
282128,en
283384,en
283445,en
283671,en
283686,en
283708,ar
283708,es
283708,fr
284293,en
284296,en
284536,en
285783,en
285783,fr
285923,en
285923,es
286217,en
286217,zh
286565,en
286939,en
287424,en
287524,en
287625,en
287625,sw
287903,de
287903,en
287948,en
288927,en
288980,en
289180,en
290391,en
290555,en
290595,en
290751,en
290825,de
290825,en
290825,fr
290864,cn
290864,zh
291081,en
291270,en
291362,en
291805,en
291805,zh
291870,en
292481,en
292483,en
292539,en
293646,en
293646,es
293660,en
293670,es
293670,ja
293670,ko
293863,en
294086,en
294254,en
294272,en
294512,en
294550,en
294600,en
295886,en
295914,ky
295964,en
295964,fr
296096,en
296098,de
296098,en
296098,ru
296099,en
296943,en
297100,en
297596,ar
297596,en
297596,ro
297621,en
297761,en
298312,en
298584,en
299145,en
299245,en
299552,en
299553,en
299687,en
300168,en
300168,zh
300671,ar
300671,en
300673,en
300706,en
301325,en
301325,es
301351,en
301351,it
301365,en
301748,en
302156,en
302579,en
302688,en
302699,en
303858,en
304357,de
304357,en
304410,fr
306667,en
306745,en
307081,en
308529,en
308529,th
308531,en
308639,en
309425,en
309503,en
309809,en
309919,en
310131,en
310569,pt
310706,en
312221,en
312791,en
312793,de
312793,en
313922,en
314365,en
314385,en
314385,fr
314385,uk
315011,de
315011,en
315011,it
315011,ja
315664,en
316002,en
316152,de
316152,en
316727,en
317930,en
318040,en
318846,en
318850,en
319069,en
319069,he
319888,de
319888,en
319888,no
319910,en
320146,en
321258,en
321697,en
321741,en
322194,en
322443,en
322745,en
323271,en
323675,en
323676,en
323677,en
323967,en
324322,bm
324322,en
324322,fr
324352,en
324668,en
325123,en
325133,en
325173,en
325373,en
325789,en
325789,es
326284,en
326576,en
327833,en
327833,th
328111,en
328387,en
328425,en
329440,en
329540,en
329833,en
330770,fr
331190,en
331592,en
331745,en
332285,en
332411,en
332567,en
333348,en
333355,en
333371,en
334074,en
334527,en
334531,en
335244,en
335778,en
335866,en
335874,en
336004,en
339408,en
339984,en
340611,en
340816,en
340816,pt
342502,en
342521,en
343409,en
343795,en
343795,pt
344466,ro
345003,en
345911,en
347126,en
347548,en
347755,en
347764,de
347764,en
347969,en
351043,en
351819,en
352978,en
354110,en
354624,en
355629,es
356216,en
356483,en
356841,en
356987,en
357441,ur
357837,en
358451,cn
358451,zh
360188,en
360339,en
361159,en
361398,en
361475,en
361475,fr
362105,en
362765,en
364083,en
364083,es
365052,en
365222,cn
365222,en
365222,th
365222,zh
367551,en
367961,ru
370464,en
370662,en
370980,es
373314,en
373314,it
374461,en
375290,ar
375290,hi
375290,ml
375950,fr
376004,en
376010,en
376659,en
376659,ru
378200,en
378237,en
379532,en
380733,en
381902,zh
385383,en
385383,pt
385636,en
385636,sl
385736,en
386826,en
389425,de
389425,en
394047,en
396152,en
402515,en
407887,en
407887,ko
408429,en
417859,en
417859,es
426067,en
426469,en
433715,en
