id,role
1,3D Animator
2,3D Artist
3,3D Coordinator
4,3D Modeller
5,3D Supervisor
6,ADR & Dubbing
7,ADR Editor
8,ADR Supervisor
9,ADR Voice Casting
10,Actor
11,Actor's Assistant
12,Adaptation
13,Additional Camera
14,Additional Dialogue
15,Additional Editing
16,Additional Music
17,Additional Photography
18,Additional Sound Re-Recording Mixer
19,Additional Soundtrack
20,Additional Writing
21,Administration
22,Aerial Camera
23,Aerial Camera (suggest in addition to Helicopter Camera)
24,Aerial Coordinator
25,Aerial Director of Photography
26,Ager/Dyer
27,Animal Coordinator
28,Animal Wrangler
29,Animation
30,Animation Director
31,Animation Manager
32,Animation Production Assistant
33,Animation Supervisor
34,Animatronic and Prosthetic Effects
35,Animatronics Designer
36,Apprentice Sound Editor
37,Armorer
38,Art Department Assistant
39,Art Department Coordinator
40,Art Department Manager
41,Art Direction
42,Assistant Art Director
43,Assistant Costume Designer
44,Assistant Director
45,Assistant Editor
46,Assistant Production Coordinator
47,Assistant Production Manager
48,Assistant Property Master
49,Assistant Sound Editor
50,Associate Choreographer
51,Associate Editor
52,Associate Producer
53,Author
54,Background Designer
55,Best Boy Electric
56,Book
57,Boom Operator
58,CG Animator
59,CG Supervisor
60,CGI Supervisor
61,Cableman
62,Camera Intern
63,Camera Loader
64,Camera Operator
65,Camera Supervisor
66,Camera Technician
67,Carpenter
68,Casting
69,Casting Assistant
70,Casting Associate
71,Character Designer
72,Character Technical Supervisor
73,Characters
74,Chef
75,Chief Lighting Technician
76,Choreographer
77,Cinematography
78,Co-Art Director
79,Co-Executive Producer
80,Co-Producer
81,Co-Writer
82,Color Designer
83,Color Timer
84,Comic Book
85,Compositors
86,Conceptual Design
87,Conductor
88,Construction Coordinator
89,Construction Foreman
90,Continuity
91,Costume Design
92,Costume Supervisor
93,Craft Service
94,Creative Consultant
95,Creative Producer
96,Creator
97,Creature Design
98,Dialect Coach
99,Dialogue
100,Dialogue Editor
101,Digital Compositors
102,Digital Effects Producer
103,Digital Effects Supervisor
104,Digital Intermediate
105,Digital Producer
106,Director
107,Director of Photography
108,Dolby Consultant
109,Dolly Grip
110,Draughtsman
111,Driver
112,Editor
113,Editorial Coordinator
114,Editorial Production Assistant
115,Editorial Services
116,Electrician
117,Executive In Charge Of Post Production
118,Executive In Charge Of Production
119,Executive Music Producer
120,Executive Producer
121,Executive in Charge of Finance
122,Finance
123,First Assistant Camera
124,First Assistant Director
125,First Assistant Editor
126,First Assistant Sound Editor
127,Foley
128,Foley Editor
129,Gaffer
130,Graphic Novel Illustrator
131,Greensman
132,Grip
133,Hair Department Head
134,Hair Designer
135,Hairstylist
136,Helicopter Camera
137,I/O Supervisor
138,In Memory Of
139,Key Costumer
140,Key Grip
141,Key Hair Stylist
142,Key Makeup Artist
143,Layout
144,Lead Animator
145,Lead Painter
146,Lead Set Dresser
147,Leadman
148,Lighting Artist
149,Lighting Supervisor
150,Lighting Technician
151,Line Producer
152,Loader
153,Local Casting
154,Location Manager
155,Location Scout
156,Machinist
157,Makeup Artist
158,Makeup Department Head
159,Makeup Designer
160,Makeup Effects
161,Makeup Effects Designer
162,Martial Arts Choreographer
163,Mix Technician
164,Modeling
165,Motion Capture Artist
166,Music
167,Music Editor
168,Music Supervisor
169,Musician
170,Negative Cutter
171,Novel
172,Orchestrator
173,Original Music Composer
174,Original Story
175,Other
176,Painter
177,Picture Car Coordinator
178,Pilot
179,Post Production Assistant
180,Post Production Supervisor
181,Post-Production Manager
182,Producer
183,Production Accountant
184,Production Controller
185,Production Coordinator
186,Production Design
187,Production Illustrator
188,Production Intern
189,Production Manager
190,Production Office Assistant
191,Production Office Coordinator
192,Production Sound Mixer
193,Production Supervisor
194,Projection
195,Property Master
196,Propmaker
197,Prosthetic Makeup Artist
198,Prosthetic Supervisor
199,Publicist
200,Pyrotechnic Supervisor
201,Pyrotechnician
202,Quality Control Supervisor
203,Recording Supervision
204,Researcher
205,Rigging Gaffer
206,Rigging Grip
207,Roto Supervisor
208,Scenario Writer
209,Scenic Artist
210,Score Engineer
211,Scoring Mixer
212,Screenplay
213,Screenstory
214,Script
215,Script Coordinator
216,Script Supervisor
217,Sculptor
218,Seamstress
219,Second Assistant Director
220,Second Film Editor
221,Second Unit
222,Second Unit Cinematographer
223,Second Unit Director of Photography
224,Security
225,Sequence Supervisor
226,Set Costumer
227,Set Decoration
228,Set Decoration Buyer
229,Set Designer
230,Set Dresser
231,Set Dressing Artist
232,Set Dressing Production Assistant
233,Set Dressing Supervisor
234,Set Medic
235,Set Production Assistant
236,Software Engineer
237,Software Team Lead
238,Songs
239,Sound
240,Sound Design Assistant
241,Sound Designer
242,Sound Editor
243,Sound Effects Designer
244,Sound Effects Editor
245,Sound Engineer
246,Sound Mixer
247,Sound Re-Recording Mixer
248,Sound Recordist
249,Special Effects
250,Special Effects Coordinator
251,Special Effects Supervisor
252,Special Sound Effects
253,Stand In
254,Standby Painter
255,Steadicam Operator
256,Steadycam
257,Still Photographer
258,Story
259,Storyboard
260,Studio Teachers
261,Stunt Coordinator
262,Stunts
263,Stunts Coordinator
264,Supervising Animator
265,Supervising Art Director
266,Supervising Dialogue Editor
267,Supervising Film Editor
268,Supervising Music Editor
269,Supervising Sound Editor
270,Supervising Sound Effects Editor
271,Supervising Technical Director
272,Systems Administrators & Support
273,Tailor
274,Tattoo Designer
275,Technical Supervisor
276,Telecine Colorist
277,Teleplay
278,Thanks
279,Theatre Play
280,Third Assistant Director
281,Title Designer
282,Title Graphics
283,Translator
284,Transportation Captain
285,Transportation Co-Captain
286,Transportation Coordinator
287,Underwater Camera
288,Underwater Director of Photography
289,Unit Manager
290,Unit Production Manager
291,Unit Publicist
292,Utility Sound
293,Utility Stunts
294,VFX Artist
295,VFX Editor
296,VFX Production Coordinator
297,VFX Supervisor
298,Video Assist Operator
299,Visual Development
300,Visual Effects
301,Visual Effects Art Director
302,Visual Effects Coordinator
303,Visual Effects Design Consultant
304,Visual Effects Editor
305,Visual Effects Producer
306,Visual Effects Supervisor
307,Vocal Coach
308,Wardrobe Supervisor
309,Wig Designer
310,Wigmaker
311,Writer
