id,keyword
210184,1910s
214548,1930s
208611,1950s
208992,1960s
1228,1970s
208289,1980s
207928,19th century
209714,3d
208591,abortion
209409,abraham lincoln
214655,absurdism
212643,abusive husband
209838,acapella
219404,action hero
208647,activist
207716,actor
186846,adaptation
6782,addiction
170325,adolescent boy
2393,adoption
161919,adult animation
198929,adult as a child
596,adultery
4414,adventure
175428,adventurer
163405,aerobics
409,africa
12532,african american
179430,aftercreditsstinger
6155,afterlife
33705,agent
4995,aging
740,aids
195687,airline pilot
3800,airplane
12617,airplane crash
822,airport
165909,alarm
9880,alaska
182045,albanian
3859,alcatraz
567,alcohol
33457,alcoholic
7464,alcoholism
12552,alice in wonderland
9951,alien
15250,alien infection
14909,alien invasion
4862,alien life-form
10158,alien planet
226178,alien queen
155591,all girl
160396,all girl band
5740,alliance
160175,alps
9820,alternate dimension
12026,alternate history
186760,alternate timeline
1704,ambassador
502,ambush
179585,american civil war
579,american football
155791,american football player
155582,amusement park
236316,anarchic comedy
162861,ancient greece
5049,ancient rome
803,android
158130,animal attack
223059,animal horror
178853,animal trainer
173901,animated map
11321,animated sequence
10336,animation
210024,anime
228936,annabelle
190816,anniversary
3126,ant
9706,anthology
2095,anti hero
10144,anti semitism
8685,anti-christ
180441,antigen
4106,apartheid
33347,apartment building
14759,ape
188242,aphrodisiac
226233,apollo program
2585,appropriation of another human being
192707,aqueduct
221272,arachnophobia
53995,archery
2301,architect
8721,arctic
157789,arm ripped off
156157,arm sling
6092,army
2692,arranged marriage
171070,arrogance
11363,arson
8734,art school
156031,art theft
14789,art thief
310,artificial intelligence
232260,aspiring musician
782,assassin
441,assassination
4927,assertion
4967,assignment
3487,assistant
6137,assurance
14626,astronaut
2884,asylum
8778,atheist
10456,athlete
1815,atomic bomb
10563,attack
5034,attempt to escape
2013,attempted murder
18087,attempted rape
33928,audition
5657,australia
1201,austria
10818,author
1002,authority
1646,autism
8574,auto-tuning
6683,autobiography
6134,automobile industry
159953,automobile racing
5833,autoritian education
178883,autumn
15216,avant-garde
168135,awkwardness
193575,b horror
11034,b movie
4725,baby-snatching
1338,bachelor
5812,bad boss
10978,bad cop
215571,bad kids
168333,bail jumper
163815,baja california
163969,baldness
7202,balkan war
9903,balloon
2672,baltimore
33624,band
974,bank
15363,bank robbery
157296,bankruptcy
1010,bar
188934,bar brawl
14665,barbarian
107,barcelona spain
3875,barn
2182,bars and restaurants
1480,baseball
10244,based on cartoon
9717,based on comic book
179411,based on fairy tale
165317,based on film
18712,based on graphic novel
818,based on novel
10181,based on play
158375,based on stage musical
185722,based on true events
9672,based on true story
10988,based on tv series
41645,based on video game
223438,based on young adult novel
9866,basement
6334,basic rights and human rights
2565,bath tub
14643,battle
185723,battle of gettysburg
10141,battlefield
966,beach
10468,bear
33678,beard
227863,bearer bonds
166244,beatboxing
9849,beating
9767,beautiful woman
3258,beauty
1412,becoming an adult
5642,beggar
1829,beheading
33683,beijing
9995,bell
220,berlin
292,berlin wall
12392,best friend
178329,best friends in love
622,bet
10085,betrayal
3036,bible
177972,bickering
3797,bicycle
159620,big con
4498,big family
160486,big shot
2597,bigfoot
7984,bikini
5672,billy the kid
158071,binoculars
5565,biography
180447,biological warfare
6016,biology
4039,biotechnology
189447,bipolar
220448,bipolar disorder
41311,bird hatching
174584,birth of twins
1421,birthday
5732,birthday party
3183,bisexuality
4197,bite
12999,black and white
171165,black female judge
4380,black hole
4252,black magic
1936,blackmail
40884,blade
15403,blind tutor
164092,blindness
1741,blindness and impaired vision
156783,blizzard
10851,blog
6946,blonde
11221,blood
4035,blood sample
8636,blood splatter
3405,blow job
174099,blue collar worker
2636,blues
6271,boarding school
5532,boardwalk
12391,boat chase
3088,bodyguard
258,bomb
160377,bomber pilot
9783,bong
163841,booby trap
3096,book
33775,book editor
817,bookshop
2286,border
6846,borderline personality disorder
522,borg
801,bounty hunter
18101,bow and arrow
420,bowling
200646,bowling ball
163190,box
2792,boxer
174110,boxer shorts
5202,boy
33353,boy genius
156478,boyfriend
216919,boys
2588,brain
1161,brazil
14602,break-up
1974,breakdance
191815,breakdown
11687,breaking the fourth wall
10688,breast
163270,breeding
3584,bridesmaid
3450,bridge
207969,brisbane queensland
14905,britain
6731,british
156095,british secret service
978,broken engagement
5628,broker
161307,bronx
5301,brother
380,brother brother relationship
1155,brother sister relationship
188,buddhism
175041,bullet dodging
175042,bullet time
14677,bullet wound
6733,bullying
5413,bungee-jump
211,bureaucracy
208997,bureaucrat
1437,burglar
7172,buried alive
9786,burned alive
14888,burning man
49960,business start-up
164468,bustier
156096,butterfly
33466,button
3623,cabin
207750,cabin boy
387,california
7934,call center
5941,calypso
2249,camcorder
11663,camp
1890,camping
10163,cancer
4707,canoe
206850,canuxploitation
226234,cape kennedy
9728,caper
33885,car
13063,car accident
15483,car chase
9844,car crash
3296,car mechanic
830,car race
10241,caretaker
158022,cargo ship
3473,carnival
163964,carny
8642,casanova
585,casino
174511,casino owner
3098,castle
15076,cat and mouse
843,cataclysm
175472,catch phrase
157008,catholic church
1964,cave
159955,cavemen
156155,cd player
33648,celebration
6562,celebrity
3457,cellist
161287,central park
160588,ceremony
174566,chalkboard
4630,chaos
206705,chaos and mayham
179780,chariot
3713,chase
206687,chases and races
1332,cheating
11509,cheating on partner
18293,chef
220363,chemotherapy
520,chicago
2479,chicken
185521,chicken farm
208349,child
516,child abuse
3650,child hero
714,child labour
1468,child murderer
5561,child prodigy
161868,child's point of view
3321,childhood memory
5707,childhood trauma
10103,children
6272,children's home
2552,chimp
478,china
218124,chinese military
3292,chinese woman
230052,chloroform
5950,christian
186,christianity
207317,christmas
33965,christmas eve
186466,christmas horror
5570,christmas tree
190349,chucky
14765,church
174107,church bells
4636,church service
41312,chute
591,cia
11333,cigar smoking
1388,cinema
291,circus
213987,city ruin
393,civil war
5783,classical music
2147,claustrophobia
6715,cleopatra
2210,climate change
41203,clique
11628,cloning
6098,clothing
166235,clown makeup
14522,co-worker
8338,coach
2150,cocaine
7325,cockroach
4950,code
5198,cold
2106,cold war
3616,college
207844,college student
10786,colonel
1396,colosseum
5736,coloured
7548,columbine
732,coma
3485,comedian
10267,comedy
227864,comeuppance
5451,comic book
10683,coming of age
1862,coming out
160478,commodities
173644,communism
271,competition
6104,computer
18133,computer games
155555,computer hacker
4286,computer program
2812,computer virus
159608,con
159627,con game
6029,concert
33484,concert hall
9433,concierge
202553,condition
718,confession
185736,conflagration
15295,confrontation
1705,congress
33674,conscience
1640,conservatory
10410,conspiracy
5514,conspiracy of murder
188326,construction worker
4673,consumption
162515,contamination
6318,control
168152,convenience store
4433,conversation
15234,convict
155499,convoy
1650,cook
1918,cooking
8015,cop
2505,coronation
188950,corporation
226376,corrupt cop
417,corruption
4328,costume
1825,countdown
12192,counter-culture
9886,countess
2755,country life
6285,coup d'etat
189098,courage
162806,coven
3877,covered investigation
5543,cow
7956,cowardice
14541,crash
162749,creator
158126,creature feature
8468,crew
14536,crime
853,crime fighter
15009,criminal
3185,crocodile
12090,cross dressing
3571,crucifixion
2868,crusade
9986,crush
3385,cryogenics
701,cuba
6158,cult
155167,cult director
10471,cult favorite
34117,cult film
185718,cultural conflict
4004,cultural revolution
180443,cure
10541,curse
218122,cyber terrorism
218130,cyber terrorist
218132,cyber thriller
209853,cybercrime
12190,cyberpunk
679,cyborg
1691,dance
733,dancer
246,dancing
4159,dancing scene
15017,danger
177895,dark fantasy
15002,dark hero
178857,dark horse comics
164148,dark past
248,date
5600,daughter
7345,dead animal
10877,dead body
202703,deadly
1635,deaf-mute
34079,death
14540,death by accident
4959,death of a friend
211703,death of boyfriend
10201,death of father
175421,death of husband
163599,death of parent
208397,death of wife
2122,death penalty
2501,death row
163048,decadence
11181,decapitation
9758,deception
4956,decision
156512,decorum
220085,defence company
6262,delusion
2477,demeanor course
15001,demon
2428,deportation
171065,deposition
894,depression
227489,derelict ship
18034,desert
33513,desire
1333,desperation
40850,destiny
14796,destruction
14756,destruction of planet
703,detective
200784,detox
18021,detroit
811,dialogue
33461,diamond
2467,difficult childhood
12616,dinosaur
155514,dirt bike
11719,dirty cop
4640,disabled child
10941,disappearance
14935,disarming someone
10617,disaster
155490,disco
10478,disembodied head
18086,disembowelment
157676,disfigured face
193305,dishonesty
189449,disorder
157890,dissection
223504,distress signal
1448,distrust
269,diving
15160,divorce
186117,dj
1718,dna
223202,do over
47079,dock
13005,doctor
10073,documentary
166309,documentary crew
174109,documentary filmmaking
15162,dog
175600,doing the right thing
7597,dollar
630,dolphin
7089,dominatrix
34161,doomsday
194825,doomsday device
3255,door
14866,doorman
161891,doppelganger
167768,dorm room
33456,double cross
10476,double crossed
848,double life
155356,dr teeth
12554,dragon
173905,dragonslayer
8029,drama
1566,dream
11223,dream girl
160840,dream sequence
160406,dressing
173913,drilling
15111,drinking
172345,driver's license
6268,driving school
14964,drug
726,drug abuse
18179,drug addict
1803,drug addiction
10175,drug cartel
2231,drug dealer
11485,drug humor
3391,drug smuggle
13037,drug smuggling
14658,drug trade
2149,drug traffic
164000,drugged cookie
156823,drummer
40879,drunk
851,dual identity
12965,duel
188329,dump truck
179431,duringcreditsstinger
159938,dvd
41589,dying
3737,dying and death
3996,dynasty
156904,dyr
10041,dysfunctional family
4565,dystopia
162988,dystopic future
1319,east india trading company
3023,eastern europe
10483,eccentric
4222,editor-in-chief
2470,education
5698,egg
1160,egypt
185638,egyptian
163338,egyptian mythology
6085,election campaign
11263,electric chair
41594,electricity
13040,electrocution
9309,elite
164460,elopement
603,elves
185742,emancipation
2280,emperor
6021,employee
4158,enchantment
14542,end is here
1269,energy policy
6107,energy supply
6167,engagement
172418,engagement ring
392,england
162301,english subtitles in original
178863,englishwoman
671,enterprise-e
171068,entrepreneur
6917,epic
198129,episode film
156934,episodic
6090,equality
1664,eroticism
4788,ersatz
187710,escapade
10685,escape
12414,escaped convict
207159,escaped killer
11134,espionage
155881,estate
196911,estranged son
185740,ethical dilemma
158292,eugenics
156075,evil
177201,evil child
9707,evil doll
211712,evil genius
189481,evil mastermind
10114,evil spirit
177901,evil witch
34152,evolution
212801,ex cia agent
5982,ex husband
160387,ex nazi
156121,ex-con
1591,ex-detainee
155816,ex-wife
2866,exam
33611,exercise
161288,existence
2626,exorcism
159940,exorcist
911,exotic island
156063,expatriate
1706,experiment
9778,exploding building
14601,explosion
1653,explosive
226179,explosive decompression
186694,extension ladder
158120,exterminator
2586,externally controlled action
11259,extortion
14687,extreme violence
9302,exzess
8047,eye specialist
156390,face slap
220831,facebook
2710,fairy
3205,fairy tale
6187,fairy-tale figure
6150,faith
6151,faithlessness
156760,fake boyfriend
167808,fake identity
163810,faked death
6998,falling star
3864,false identity
10232,fame
18035,family
155294,family conflict
3371,family history
33694,family holiday
10235,family relationships
14724,family vacation
2783,family's daily life
164476,fan club
9818,fan culture
3419,fanatic
231407,fang vamp
2486,fantasy
170362,fantasy world
13127,farmhouse
15479,fashion
10604,fast cars
156092,fat suit
10855,fate
5905,father
15300,father daughter relationship
494,father son relationship
1812,fbi
18525,fbi agent
13073,fear
222114,fear of dying
205726,fear of unknown
226838,federal reserve bank
503,federation
234095,feel good
12367,female assassin
189421,female corpse
5248,female friendship
186136,female musician
293,female nudity
11322,female protagonist
18117,female spy
5650,feral child
2687,fiance
208764,fiancee
855,fictional place
179781,fictional tv show
14946,fictional war
1907,fictitious marriage
33676,figaro
1721,fight
6211,fighter
9878,fighter jet
10671,figure skating
774,film business
2793,film director
2559,film maker
886,film making
887,film producer
186125,film score
229388,filmes contra o comunismo
226128,filmes focados em um professor
6118,finances
172353,finger gun
154881,fingerprints
657,fire
173893,fire chief
2736,fire engine
173912,fire repellent
2733,firemen
11183,fireplace
156925,first crush
2201,first time
1357,fish
11860,fish out of water
5572,fistfight
18082,flamethrower
158145,flaming arrow
187844,flashback
227887,flatulence
7379,fleet
1486,flirt
170314,flogging
3528,flooding
1196,florida
2778,florist
155355,floyd
6681,flu
334,flying
3243,flying saucer
196172,food intoxication
5090,fool
3691,forbidden love
207937,forced retirement
5774,forest
10284,formula 1
4268,fort
208223,fortune
663,fortune teller
155353,fozzie bear
15124,framed
254,france
6737,frankenstein
170209,frat party
170771,fratricide
11678,free spirit
6089,freedom
4653,french
4319,french revolution
225061,friend
9713,friends
6054,friendship
4456,frog
5626,from rags to riches
9454,frontier
3609,frustration
10718,fugitive
3739,funeral
160322,funeral home
2964,future
9685,futuristic
177341,gadfly
169356,gala
6716,galier
2861,gallery
163833,gallop
395,gambling
18249,game
157376,game of death
6186,games
10726,gang
2987,gang war
2101,garage
1420,gas station
237,gay
10198,gay relationship
5800,geek
174523,gender disguise
158256,gene manipulation
1402,general
163561,genetic engineering
6017,genetics
15147,german accent
1772,german democratic republic
185733,gettysburg address
2431,ghetto riot
162846,ghost
15040,ghost hunting
5280,ghost world
189099,giant
160189,giant egg
10891,giant robot
158144,giant worm
9989,gift
222174,girl next door
171176,girl power
5490,girlfriend
179751,glamour
54016,glue
1663,go-go dancer
9649,god
161172,gods
1321,gold
12393,golden gate bridge
188134,golden gun
3282,gondola
44450,gong
154986,gonzo
46958,good and bad
10842,good vs evil
10292,gore
33505,gothic
6088,governance
6086,government
158064,graboids
3687,graduation
5522,grand canyon
4412,grandfather
166512,graveyard
180466,gravity
1025,great britain
1200,greece
6348,green
9872,grief
204959,grieving parents
159607,grifter
155939,group of friends
4404,guantanamo bay
5369,guard
33788,guide
953,guitar
2952,gulf war
1419,gun
10176,gun battle
163656,gun violence
12371,gunfight
192655,guns
181034,h. r. giger
2157,hacker
12361,hacking
156152,hagakure
167560,hair loss
156154,haitian
210018,half sister
6231,half-brother
3335,halloween
3298,hallucination
188955,hand to hand combat
772,handcuffs
173594,handgun
7150,hangman
190022,hansel and gretel
171162,harvard law school
2463,harvard university
3358,haunted house
10224,haunting
1668,hawaii
10079,hazing
6514,health care
196171,health inspector
2690,heart disease
201696,heartache
161506,heir
10051,heist
720,helicopter
10135,hellgate
180436,hemophagia
1701,hero
193552,heroic mission
3979,hidden camera
2430,hiding place
174520,high dive
6270,high school
8635,high school sports
33910,high school student
898,hip-hop
166571,hired killer
6165,historical figure
9682,history
164162,hit by a car
11546,hitchhiker
2708,hitman
9766,hiv
165770,hiv positive
611,hobbit
3607,hold-up robbery
65,holiday
12396,hollywood
159510,hollywood sign
3249,hologram
14903,home invasion
165787,home movie
2156,homeland
1849,homicide
180668,homicide detective
10180,homosexuality
2676,honeymoon
160488,hoodlum
3929,hope
2673,horse
156510,horse and carriage
643,horse race
2284,horseback riding
11612,hospital
1562,hostage
7188,hostage-taking
6062,hostility
612,hotel
922,hotel room
6095,house
15235,house fire
10275,house party
9609,houston
3714,human being
4005,human experimentation
206706,human nature
6019,human trafficking
202647,humanity
33740,humiliation
3923,humor
1899,hunger
3363,hypnosis
168859,hypodermic needle
193479,hypothermia
1445,ice
156153,ice cream
1284,identity
180509,ikea
40895,illness
202322,imaginary
170344,imagination
156395,imax
161958,immaturity
3014,immigration law
11579,impalement
46955,implant
10183,independent film
958,indian lead
30,individual
161248,individuality
1326,infidelity
167715,informant
10911,inheritance
6139,innocence
197521,innocent
4924,insane asylum
6255,insanity
162970,institutionalization
5726,insurrection
6713,integration
171067,intellectual property
2051,intelligence
174420,intern
11730,internal affairs
11615,internet
18046,internet chat
18314,internet porn
4434,interview
34038,intrigue
4278,invasion
217961,invasive species
1436,inventor
5340,investigation
193889,investment firm
160483,investor
189115,invisibility
160130,invisible man
8872,invulnerability
173914,iodine
14985,ireland
154123,irish american
8442,irish mob
155247,irreverence
2041,island
1533,isolation
700,italo-american
131,italy
33675,jackass
156257,jail cell
2881,jail guard
7564,jane austen
233,japan
907,japanese
6297,japanese mafia
1416,jazz
176095,jazz band
931,jealousy
5135,jeep
156033,jekyll and hyde
2433,jew persecution
199232,jeweler
156237,jewelry store
11508,jewish
8438,job
3489,job interview
163997,job seeking
10623,jock
6921,jogging
917,journalism
736,journalist
194576,julius caesar
220086,jump the shark
3810,jumping
167724,jumping from a rooftop
182069,jumping off a bridge
174116,jumping rope
10787,jungle
178010,jurassic park
15108,justice
208662,kangaroo
3436,karate
191655,karma
2475,kazakhstan
223009,keith mallory
3291,kentucky
155352,kermit
155354,kermit the frog
2849,key
221034,khumba
175048,kicked in the groin
1930,kidnapping
161155,kids
15127,killer
10603,killer doll
1373,killer robot
180691,killer toys
3370,kilt
13084,king
222340,king richard
4152,kingdom
5091,kiss
3914,kitchen
4728,knife
18109,knife fight
182768,knife held to throat
18106,knife throwing
10466,knight
208681,knight templars
215572,krampus
227432,kuala lumpur malaysia
780,kung fu
8651,kuwait
180464,lab technician
7269,labor pain
10124,laboratory
2336,ladykiller
1889,lake
163828,landfill
14570,las vegas
3290,laser
1280,lasergun
186695,last day on job
234042,late coming of age
9310,latina
3703,law
9798,law school
6144,lawlessness
10909,lawyer
215404,laxative
3077,leader
4820,leap in time
2650,leather jacket
163998,leaving home
3461,lenin
10768,lesbian
34215,lesbian interest
9833,lesbian relationship
14675,lethal virus
3344,letter
158718,lgbt
34333,lgbt child
9468,liar
2434,liberation
2019,liberation of prisoners
2251,lie
314,life and death
180467,light sensitivity
5641,limousine
12372,lingerie slip
2043,lion
186849,literary adaptation
2132,literature
9736,little boy
33873,little people
157351,living dead
33725,locker
212,london england
3568,lone wolf
9957,loneliness
210367,loneliness in space
5444,lonely hearts ad
69467,longshoreman
2596,lordship
12670,los angeles
6203,loss
963,loss of brother
6381,loss of daughter
5019,loss of energy
1465,loss of family
1872,loss of father
4549,loss of husband
14549,loss of job
936,loss of mother
2143,loss of parents
1578,loss of sister
697,loss of son
11254,loss of virginity
44451,lost
178226,lost and found
41309,lost of friend
174571,louisa may alcott
9673,love
699,love at first sight
2038,love of one's life
237016,love spell
4320,lover
4663,lovers
725,lovesickness
174093,lowell massachusetts
199856,lower east side
226235,lunar mission
2574,lunatic asylum
41307,lye
3544,machete
156650,machine gun
10770,mad doctor
3645,madagascar
41410,madness
10391,mafia
4620,magazine
2343,magic
13097,maid
9052,major
6847,malaysia
167863,male bonding
10556,male female relationship
255,male nudity
158072,man eaten by monster
158993,man in wheelchair
5989,man of one's dreams
218009,man slaps a woman
312,man vs machine
3995,manchuria
44453,mango
168346,"manhattan, new york city"
226499,manhunt
10776,marijuana
163968,marijuana joint
163984,marijuana pipe
9073,marilyn monroe
5359,marine biologist
4405,marine corps
6038,marriage
5809,marriage crisis
1459,marriage proposal
2587,married couple
155501,marry rich
839,mars
779,martial arts
14731,martial arts master
10539,martian
180547,marvel cinematic universe
8828,marvel comic
11040,masked killer
15069,masked man
1583,mass murder
206694,master villain
206695,master warrior
5144,matter of life and death
1919,mayor
196701,meant for each other
33977,medical experiment
187677,medical school
1279,medicine
9941,melbourne
10937,memory
5458,men
3190,menage a trois
41329,mental illness
11857,mental institution
172772,mentor protege relationship
2870,mephisto
3070,mercenary
5404,meteor
534,mexico
179565,michael myers
175023,microscope
609,middle-earth (tolkien)
1599,midlife crisis
162365,military
11109,military officer
5947,military service
159468,millennium
33626,millionaire
209994,mina
206690,mind and soul
179803,mine explosion
177958,mini cooper
6015,mining
190999,minions
206834,mischievous children
9789,misfit
155358,miss piggy
197430,missing daughter
156091,missing person
10364,mission
180800,mission clinic
3045,mission of murder
5477,mistake
10325,mistaken identity
11578,mobster
2422,mockery
11800,mockumentary
14818,model
2248,moderator
221039,modern fairy tale
10594,money
1322,money delivery
345,monk
2693,monopoly
1299,monster
33896,montage
680,montana
1407,montmartre
305,moon
11426,moral ambiguity
156166,mormon
1629,morocco
10338,morphine
160131,morphing
186450,moscow
3037,mossad
200574,motel room
456,mother
10707,mother daughter relationship
2784,mother role
157499,mother son relationship
186779,motivational speaker
229053,mountain
1262,mountains
159103,mourning
2161,mouse
175050,mouth guard
162262,movie star
10732,movie studio
165798,mugging
33507,multiple identities
184157,multiple roles
171993,mumblecore
155351,muppet
9826,murder
161982,murder investigation
13112,murderer
2598,museum
6027,music
207739,music school
2176,music teacher
4344,musical
4048,musician
1852,mutant
2795,mystic
161279,mysticism
227686,myth
2035,mythology
15112,naive
11960,naked scene
2341,nanny
2651,nanotechnology
157291,narcissism
195648,narcotics
155799,narcotics cop
166930,narnia
2398,narration
1432,nasa
3635,national security agency (nsa)
10322,native american
18330,nature
9524,navajo
195862,naval warfare
222195,navy veterans
11064,nazi germany
2652,nazis
209140,negotiator
10226,neighbor
5856,nelson mandela
207268,neo-noir
168713,neo-western
5801,nerd
2835,neurosis
1197,nevada
164167,new brighton england
2547,new identity
586,new jersey
1605,new love
613,new year's eve
242,new york
14512,new york city
18132,newcastle united
208787,newcomer
1774,news broadcast
162502,news report
918,newspaper
8653,niagara falls
174570,nightgown
3030,nightmare
2906,nile
10278,ninja
158111,no opening credits
4284,norad
179101,norse mythology
5922,north carolina
34154,north pole
5560,nose
3312,nuclear missile
7321,nuclear power plant
156767,nuclear threat
160381,nuclear weapons
2483,nudity
9791,number in title
745,nun
428,nurse
156022,nypd
1523,obsession
177872,occult ritual
270,ocean
181331,octogenarian
2794,oddball
4891,offer
189111,ogre
10590,oil
176253,oil rig
156706,oil tycoon
227023,old couple
163180,old friends
176797,old girlfriend
174519,old woman murdered
178229,older brother younger sister
14669,older man younger woman relationship
2070,olympic games
10562,on the run
18522,one against many
13116,one man army
157202,one woman army
2864,one-night stand
4127,one-sided love
165301,opposites attract
606,orcs
8944,ordensbruder
14656,order of the templars
1897,oregon
10291,organized crime
3201,orgasm
13014,orphan
6783,orphanage
9744,outbreak
12405,outer space
9503,outlaw
170356,outsider
11856,overturning car
8663,overweight woman
3905,owl
9525,pacific war
5810,pact with the devil
4424,pain
437,painter
5918,painting
1719,paleontology
8531,panda
11102,panzer
2340,paranoia
9853,paranormal
15043,paranormal investigation
228897,paranormal investigator
856,paraplegic
157634,parasite
206688,parents and children
970,parents kids relationship
3453,parents-in-law
90,paris
14798,park
188667,park avenue
9755,parody
190161,parolee
15182,partisan
5313,parts of dead body
8508,party
1499,pastor
221091,pat garrett
14781,patient
1627,patriotism
212887,peep hole
178444,peer pressure
33707,pen
2060,penalty
3028,penguin
155678,penis
6125,pension
11855,pentagram
232411,people change
164657,perfectionist
6706,performance
166241,performance art
15060,period drama
2376,perversity
2867,pest
2551,pet
2589,pet shop
4332,peter pan
232819,phantom jam
276,philadelphia
189881,philadelphia eagles
490,philosophy
8517,photo lab
6025,photography
14743,pianist
207592,piano
163972,picking one's nose
185522,pie machine
156151,pigeon
3203,pilot
3244,pinocchio
12988,pirate
13132,pistol
188959,plague
13194,planet
228417,plano texas
4585,plastic surgery
3200,platonic love
9639,playboy
496,poetry
6678,polar bear
6149,police
33352,police car
15167,police detective
7477,police everyday life
15090,police officer
11522,police officer killed
188127,police sergeant
318,police state
2436,polish resistance
11475,politically incorrect
6083,politician
6078,politics
221904,politics of scarcity
180803,polynesia
10499,pool
166256,pool cleaner
1740,pop culture
3490,pop star
717,pope
15402,popularity
208085,population control
2727,porn actor
158436,porn actress
5593,pornographic video
7939,portal
187321,post civil war
447,post traumatic stress  disorder
4458,post-apocalyptic
4461,postman
3720,power
14755,power outage
9864,prank
3725,pregnancy and birth
10721,pregnant
10506,prehistoric
8666,preisgeld
10360,prejudice
159631,premarital sex
10170,premonition
8570,president
185730,presidential cabinet
2946,presidential election
2134,press
201885,pressure
215200,pretend relationship
156322,pretty woman
10093,priest
3071,prince
7376,princess
378,prison
2885,prison cell
1563,prisoner
169264,prisoner on the run
1968,prisoners of war
11168,private investigator
3396,probation assistant
1189,profession
1992,professor
166229,prom queen
14983,proposal
3246,prosecution
549,prostitute
13059,prostitution
15106,psychiatrist
14742,psychic
157902,psychological
12565,psychological thriller
11268,psychologist
6259,psychopath
10024,psychopathic killer
1525,puberty
170418,public humiliation
161298,public urination
228676,publicist
4470,punk
6300,puppet
2553,puppeteer
10448,purgatory
15290,pursuit
163982,pushing a car
166233,pygmalion
2011,queen
4308,queen elisabeth ii
207372,quest
4776,race against time
3060,race politics
3525,racehorse
890,races
156158,racial slur
6363,racing car
155494,radio series
1224,radio station
4305,radio transmission
3927,rage and hate
5339,railway car
2217,rain
156507,rainstorm
163994,raised middle finger
192389,rajah
10022,rampage
570,rape
41381,rapist
189359,rat
526,rebel
161184,reboot
163975,reckless driving
163976,reconciliation
4746,record producer
155936,recovering drug addict
11858,red
11436,redemption
3999,reeducation camp
172792,reference to god
197239,regeneration
14534,relationship
3398,release from prison
11001,religion
14989,religious
217083,reluctant hero
9714,remake
33396,remake of french film
156630,remote island
1522,repayment
10063,repentance
12193,reporter
164861,repossession
10084,rescue
18031,rescue team
3664,research
836,resistance
161944,responsibility
1946,restaurant
6506,resurrection
186847,retelling
18115,retired
4948,retirement
9748,revenge
2020,revolution
5713,rhode island
34143,rich
182625,rich snob
211295,riches to rags
483,riddle
41310,ride
9897,rifle
206686,righting the wronged
189093,ring
8945,ringer
6974,rise and fall
4720,ritual
9823,rivalry
1261,river
167043,road movie
7312,road trip
179776,roasted pig
1621,robber
642,robbery
4147,robin hood
14544,robot
33898,rock 'n' roll
155482,rock opera
2570,rock star
8900,rocker
2732,rocket launcher
1019,rodeo
156768,roller coaster
163834,rolling eyes
3035,roman
9840,romance
9799,romantic comedy
588,rome
180465,rooftop fight
1253,roommate
6399,rope
156156,rouge
4944,route 66
9920,royalty
222108,rubber mask
708,runaway
204967,runner
795,running
18255,rural
2808,russian
2858,sacrifice
4426,sadism
625,sadistic
8430,safe
3180,sailing
41599,sailor
222337,saladin
4957,sale of soul
181374,salem massachusetts
1582,saloon
582,san francisco
163824,san remo
1991,santa claus
184569,santa cruz california
160500,santa hat
181375,satanic
3099,satanism
3376,satellite
184994,saturn v rocket
2177,sauna
83,saving the world
175468,savior
163128,scalpel
163991,scene
202551,schizophrenic
6275,school party
7358,school performance
196377,sci-fi comedy
156810,science
14760,scientist
159314,scientology
167608,scooter
388,scotland
658,sea
182677,sea battle
11112,search
185728,secession
4289,secret agent
175036,secret headquarters
1308,secret identity
3272,secret intelligence service
3288,secret lab
7879,secret love
3269,secret mission
3271,secret organization
41249,secret service
208633,secret service agent
11677,secretary
3016,security camera
41180,security guard
3182,seduction
158070,seismologist
166250,self expression
1430,self sacrifice
2801,self-defense
1824,self-destruction
160543,semiautomatic pistol
15191,seminar
2944,senator
4992,senility
162334,sentinals
9663,sequel
7492,serbia
11400,sergeant
10714,serial killer
14676,series of murders
8803,serum
964,servant
11581,severed head
181016,sewer of paris
572,sex
166770,sex addict
18049,sex scene
183728,sex tape
7017,sexappeal
9344,sexology
739,sexual abuse
9835,sexual fantasy
566,sexual identity
738,sexuality
174117,shadow boxing
44452,shake
497,shakespeare
162532,shape shifter
798,sheriff
3799,ship
2580,shipwreck
7281,shooting
10950,shootout
6490,shopping mall
214549,short
222133,shot in the heart
15344,shot in the stomach
157471,shot through a wall
11325,shot to death
1366,shotgun
41376,shovel
1879,shower
367,shyness
193546,siblings relations
155539,sicilian
4063,siege
177309,simon says
3972,simulated reality
7412,sin
172762,sin eater
10229,singer
12990,singing
186120,singing competition
186147,singing contest
9457,single
33479,single father
162512,siren
5923,sister
1156,sister sister relationship
167310,sitting on a toilet
3476,ski jump
159558,skiing
191007,skirt
15084,skull
1418,skyscraper
8631,slacker
12339,slasher
2831,slavery
161290,sleeping
7430,sleeping beauty
1415,small town
171169,smart blonde
11492,smoking marijuana
155336,smuggler
6212,smuggling
15072,smurf
33677,sneezing
12355,sniper rifle
10794,snow
3373,snow storm
182772,snowing
3880,snuff
188179,soaked clothes
13042,soccer
171063,social network
2438,social worker
1773,socialism
3679,society
9740,sociopath
6444,sodomy
13065,soldier
5153,son
4528,song
191428,song writing
10821,sorcerer
5147,sorcery
815,soulmates
3644,south africa
531,southern usa
9882,space
3388,space colony
1826,space marine
4040,space mission
161176,space opera
1828,space suit
3801,space travel
3386,space war
1612,spacecraft
226236,spacecraft accident
2345,spaceman
9831,spaceship
211572,spanish movie
2874,spanner
160395,spats
184989,spectacle
6001,speech
2700,sperm
159141,sperm donor
3465,sphinx
158124,spider bite
232791,spider general
158129,spider queen
195026,spiders
1770,spinosaurus
10706,spirituality
211711,spleen
179778,sponsor
11931,spoof
6075,sport
226510,sports marketing firm
1483,sports team
3975,spotlight
470,spy
990,squirrel
160397,st. valentine's day massacre
33600,stagecoach
41158,stakeout
6844,stalker
10333,stalking
180439,stamina
3412,star
165086,star crossed lovers
505,starfleet
10028,steampunk
191786,stenographer
6669,step father
5692,stetson
156093,steven king
179018,stock broker
183817,stock exchange
10631,stockbroker
54169,stoner
9743,stranded
156104,stranger
2531,strategic air command
542,street gang
180445,strength
3688,strip club
6593,stripper
4378,striptease
157769,stroke
4327,stroke of fate
2660,strong woman
219826,stronger villain
155361,studebaker
12105,student
156708,studio tour
5956,stuntman
5452,stunts
6241,stupidity
2117,subconsciousness
202550,substance
10532,suburbia
1552,subway
3836,success
160400,sugar
236,suicide
1252,suicide attempt
4702,suitcase
13088,summer
5767,summer camp
163963,summer job
1670,sun
1381,sun glasses
3222,super computer
163455,super powers
9715,superhero
191219,superhero kids
157677,superhero spoof
155030,superhero team
1545,supermarket
6152,supernatural
206813,supernatural ability
188989,supernatural power
1524,surfer
227616,surfer dude
5349,surfing
3262,surgeon
157959,surgery
9887,surrealism
18420,surveillance
167726,surveillance footage
10349,survival
5385,survivor
3879,suspect
193149,suspended animation
9937,suspense
204017,suspicious death
157186,swashbuckler
156788,swat team
208095,sweat
8181,swimming pool
226180,swimming underwater
178507,swimsuit
1223,switzerland
1938,sword
234213,sword and sorcery
1400,swordplay
10491,swordsman
9797,syracuse university
41308,syringe
41605,tail
814,talking
11477,talking animal
156546,talking car
160442,talking to the audience
162333,tall man
15186,task force
444,taxi
1749,taxi driver
163806,tdrug lord
10508,teacher
220087,team building
1576,technology
10049,teen angst
155722,teen comedy
11870,teen movie
213102,teen spy
10809,teenage girl
188178,teenage hero
173186,teenage pregnancy
188237,teenage romance
156777,teenage sexuality
13130,teenager
164447,tejano
5086,telekinesis
6103,telephone
165803,telephone call
3822,teleportation
6293,telescope
2136,television
159511,television repair
14991,tentacle
13015,terrorism
949,terrorist
161520,terrorist plot
4394,test
188750,teuflisch
1556,texas
162511,text messaging
3434,thailand
4543,thanksgiving
12998,the muppets
190034,the shadow
163110,theater
173903,theatre audience
4333,theatre group
6034,theatre milieu
4326,theatre play
158340,theme park
4934,theory
2726,therapist
222812,therapist patient relationship
162687,theremin
158763,thesis
9727,thief
9950,thriller
207560,thunderbirds
4558,tibet
48711,ticket
163985,ticket booth
4809,tiger
234849,tiki culture
4379,time travel
41414,timebomb
3372,title of nobility
3911,todfeind
6100,tools
13006,torture
464,total destruction
180440,totalitarian
5159,tourist
12380,tournament
187065,toy comes to life
10324,toys
2025,tractor
10044,tragic hero
4619,train accident
477,train station
1482,trainer
4613,training
2052,traitor
4375,transformation
33498,transplant
741,transplantation
3543,transport of prisoners
571,transsexuality
108,transvestism
232471,transvestite
11060,trap
173316,trapped in an elevator
191586,trapped in space
9935,travel
160510,travel agent
184152,traveling through a sewer
6956,treasure hunt
41314,trestle
180193,trick or treating
166252,tripping
11173,troll
157524,tropical island
166490,troubled marriage
156165,trucker
14782,trust
173911,tunnel construction
6362,turtle
13384,tv morning show
158584,tv news
2571,tv show
4656,tv star
208185,tween girl
7375,twin brother
15016,twins
5728,tycoon
1720,tyrannosaurus rex
4595,u.s. army
33483,u.s. congress
4410,u.s. navy
9738,ufo
6464,uncle
1568,undercover
4654,undercover agent
240,underdog
12434,undertaker
158247,underwater scene
1449,underworld
14557,undressing
198673,unemployed
156052,unemployment
2203,unexpected happiness
231641,unfaithful husband
11510,unfaithfulness
156455,unhappiness
15137,union
15053,united nations
13160,university
10048,unrequited love
159876,unwanted kiss
213,upper class
8862,uprising
33556,urban setting
14778,urination
279,usa
840,usa president
665,uss enterprise-a
6876,vacation
160404,valentine's day
3133,vampire
9259,vampire hunter
2016,vandalism
716,vatican
6401,vegetable
1766,velociraptor
110,venice
2735,veterinarian
4399,victim
4697,video
10561,video camera
282,video game
177185,videotape
5331,village
209940,village people
3289,villain
5334,vineyard
14819,violence
5927,violence against women
2320,violent husband
2389,virgin
5380,virtual fight
4563,virtual reality
188957,virus
10629,vision
162463,volkswagen beetle
5605,volleyball
5569,vomit
163699,vomiting
1950,vororte
180340,voyeur
178649,voyeurism
155212,vulcan
18155,vulture
11411,wager
40950,waiter
828,waitress
156112,wake
816,walking
4372,wall
5636,wall street
6091,war
5299,war correspondent
1327,war crimes
33482,war hero
1601,war on drugs
160370,war room
4853,war victim
157892,warehouse
3389,warrior woman
2435,warsaw ghetto
521,washington d.c.
4237,water
14913,water park
1669,wave
10329,wealth
6110,weapon
6435,webcam
6614,website
13027,wedding
196700,wedding day
2381,wedding planer
11327,wedding reception
14757,wedding toast
12564,werewolf
8232,west virginia
158189,wetting pants
4676,whale
2564,wheelchair
173293,white horse
833,white house
4129,widow
1157,wife husband relationship
34112,wig
5276,wild boar
3593,wilderness
2429,will to survive
2872,window
5990,wine garden
1442,winter
4896,wish
616,witch
177894,witch hunt
177900,witch hunter
40931,witchcraft
3581,witness
177912,wizard
6333,wizardry
15184,woman
187056,woman director
166873,woman drowned
11289,woman reporter
5424,women's prison
3640,work
2346,worker
5378,world champion
161306,world trade center
1956,world war ii
9504,wrack
5970,wrestling
4391,wretch
13028,writer
170624,wrong number
160497,wrongful arrest
1016,wyoming
175049,x rayed skeleton
197362,x-ray
197222,xanax
226177,xenomorph
160910,xenophobia
1794,yakuza
201689,year
206298,young adult
11336,young boy
220076,young entrepreneur
193545,young heroes
165100,young love
14751,youth
1873,yuppie
12377,zombie
2172,zoo
12971,zookeeper
