id,company
12856,1.85 Films
436,1492 Pictures
10886,16 Block Productions
14358,1821 Pictures
2575,21 Laps Entertainment
77472,21st Century Film Production
787,3 Arts Entertainment
47354,5150 Action
59,A Band Apart
2248,A-Mark Entertainment
41077,A24
19523,AFG Talons Productions
12943,APJAC Productions
11005,AR Films
53610,AR-TL
1251,ARD
297,Aardman Animations
31866,Abundant Productions
978,Across the River Productions
2361,Ad Hominem Enterprises
3703,Adlabs Films Ltd.
3608,After Dark Films
266,Agencja Produkcji Filmowej
36299,Agresywna Banda
11732,Airborne Productions
11499,Alan Young Pictures
2533,Albino Alligator Productions
1088,Alcon Entertainment
11006,Aldamisa Entertainment
61372,AliBella Pictures
23614,All Pictures Media
803,Alliance Atlantis Communications
2514,Alliance Films
11462,Alphaville Films
3427,Ambience Entertainment
56,Amblin Entertainment
421,Amen Ra Films
70,American Zoetrope
11547,Ancine
1683,Andell Entertainment
63105,Animal Planet
21450,Ankor-Film
6538,Antena 3 Films
11737,Antena 3 Televisión
10105,Apatow Productions
16850,ApolloMedia Distribution
562,Appian Way
10280,Arc Productions
1471,Archer Street Productions
26281,Ardustry Entertainment
201,Arte
6111,Arte France
6916,Arte France Cinéma
2188,Artisan Entertainment
1204,Ascendant Pictures
26025,Ascot Elite Entertainment Group
11982,Ashton Productions
3033,Asmik Ace Entertainment
4042,Astral Films
5564,Atlantis Pictures
507,Atlas Entertainment
2995,Atmosphere Entertainment MM
36205,Audley Films
3322,August Entertainment
65834,August Heart Entertainment
8724,Australian Film Finance Corporation (AFFC)
7625,Automatik Entertainment
251,Avenue Pictures Productions
91542,Aver Media
31828,Avi Arad Productions
288,BBC Films
19478,BK
11548,BNDES
208,Bac Films
5381,Backup Films
9168,Bad Hat Harry Productions
2234,Baldwin Entertainment Group
17032,Barry Mendel Productions
19718,Battlefield Productions
14652,Baumgarten Merims Productions
12968,Baumgarten-Prophet Entertainment
1038,Bazelevs Production
2439,Bee Vine Pictures
724,Beijing New Picture Film Co. Ltd.
788,Bel Air Entertainment
2341,Belladonna Productions
6363,BenderSpink
68064,"Best Picture Show Company, The"
267,Beverly Detroit
2332,Bi-polar Pictures
15055,Big Easy Pictures
3204,Big Idea Productions
8406,Big Kid Pictures
2777,Black & White Productions
12236,Blinding Edge Pictures
27451,Bluegrass Films
3172,Blumhouse Productions
12260,Bob Yari Productions
2266,Bold Films
51955,Bollywood Hollywood Production
44242,Born of War
8606,Boréales
10958,Brad Grey Pictures
19747,Brandywine Productions
13817,Brass Hat Films
19925,Bridget Johnson Films
2233,Bristol Bay Productions
3324,British Broadcasting Corporation (BBC)
3160,Brookstreet Pictures
12365,Brownstone Productions
5330,Bruin Grip Services
54850,Bulletproof Cupid
17181,Byronic Pose Productions
61373,Bystander Films
7340,C-2 Pictures
5490,CBS Films
14309,CIP Filmproduktion GmbH
68353,CKRush Entertainment
19483,Calle Cruzada
4404,Camp / Thompson Pictures
20170,Canadian Television Fund
5358,Canal+
9335,Canal+ España
12927,Canal+ Television AB
250,Canal+Polska
691,Cappa Productions
35445,Carol Baum Productions
14723,Carolco Pictures
3215,Carsey-Werner Company
33423,Cartoon Network
64857,Caruso / Mendelsohn Productions
7956,Castelao Producciones
97,Castle Rock Entertainment
7053,Catch 23 Entertainment
10102,Cattleya
26029,Centauri Media
18367,Centre National de la Cinématographie (CNC)
17298,Centre National du Cinéma et de L'image Animée (CNC)
75037,Challenge Film Corporation
1039,Channel One Russia
75937,Charenton Productions
45004,Charlie Guidance
890,Cheyenne Enterprises
15700,Chickie The Cop Production
11142,Cinema Group Ventures
11549,Cinema Investment
5705,CinemaNX
995,Cinerenta Medienbeteiligungs KG
21784,Cinerenta-Cinebeta
1504,Cinergi Pictures Entertainment
6301,CinéCinéma
280,Cinémaginaire Inc.
161,Claussen + Wöbke Filmproduktion GmbH
8430,Cliffjack Motion Pictures
1274,Clinica Estetico
87847,Coco
14589,Code Entertainment
57736,Codi S.p.a.
9122,Cohen Media Group
2397,Cohen/Pearl Productions
5420,Color Force
5,Columbia Pictures
441,Columbia Pictures Corporation
7480,Comedy Central Films
36206,Comptom Investments
33253,Conseil Général des Côtes d'Armor
33254,Conseil Général du Morbihan
19267,Conseil Régional du Calvados
47,Constantin Film
5755,Constantin Film Produktion
25487,ContentFilm International
1156,Conundrum Entertainment
3494,Cookout Productions
8139,Copacetic Pictures
11550,Corus Entertainment
14179,Creepshow Films Inc.
10246,Cross Creek Pictures
78685,Cruel and Unusual Films
44,Cruise/Wagner Productions
2978,Crusader Entertainment
68304,Crush Entertainment
26476,Cubica
972,Current Entertainment
8877,Curtis Hanson Productions
429,DC Comics
9993,DC Entertainment
53350,DCP Wrong Turn Productions
58085,DMC Films
284,DNA Films
1854,Dan Films
53732,Daniel Fried Productions
10761,Danjaq
119,Danmarks Radio (DR)
2755,Dante Entertainment
5486,Darius Films
1786,Dark Castle Entertainment
552,Dark Horse Entertainment
12622,Darko Entertainment
53060,David Dobkin Productions
1302,Davis Entertainment
342,Davis-Films
49241,Daybreak
499,De Laurentiis Entertainment Group
2609,De Line Pictures
869,Dee Gee Entertainment
986,Degeto Film
84425,Deluxe Digital Studios
13241,Demarest Films
66146,Denis Friedman Productions
6452,Dentsu
118,Det Danske Filminstitut
98,Detour Film Production
11510,Detour Filmproduction
11238,Deutsche Filmförderfonds (DFFF)
435,Di Bonaventura Pictures
76068,Digital Image Associates
35446,Dillinger Productions
7405,Dimension Films
10308,Dino De Laurentiis Company
81128,Dirty Hands Productions
7492,Discovery Channel Pictures
3213,Disney Channel
5391,DisneyToon Studios
15056,Divine Light Pictures
4253,Don Carmody Productions
431,Donners' Company
215,Double Feature Films
31922,Double Negative
87840,Dozen Canada Productions
7,DreamWorks
521,DreamWorks Animation
27,DreamWorks SKG
444,Dune Entertainment
6332,Dune Entertainment III
19477,Dune Films
1917,EM Media
8263,EMI Films
14654,EMJAG Productions
2979,ETIC Films
2650,Ealing Studios
2147,Echo Lake Productions
8056,Eclectic pictures
1267,Ecosse Films
11463,Edge City
25491,Edith Film Oy
38071,Edition Video
6455,Edward R. Pressman Film
26026,Egli Film
4588,Egmond Film & Television
74192,Eketahuna LLC
3241,Electric Entertainment
6930,Elle Driver
10405,Emmett/Furla Films
1205,Endgame Entertainment
12575,Endor Productions
18617,Energy Entertainment
7676,Entertainment
7576,Eon Productions
52066,Epicentral Studios
1171,Epsilon Motion Pictures
10885,Equity Pictures Medienfonds GmbH & Co. KG III
64674,ErgoArts
1423,Escape Artists
9313,Esparza / Katz Productions
850,Eurimages
8930,Euro International Film (EIA)
11702,Euroatlantica
6896,EuropaCorp
31375,Evergreen Media Group
11448,Exclusive Media Group
12601,FM Productions
31867,Faith vs. Fate Productions
30655,Fallingcloud
286,Fantasy Films
36204,Father Features
61791,Feigco Entertainment
12138,Fierce Entertainment
359,Figment Films
7416,Film & Entertainment VIP Medienfonds 4 GmbH & Co. KG (I)
87848,Film 111
773,Film Afrika
560,Film Colony
9210,Film Four International
5946,Film Partner International
4305,Film Tiger
11840,Film Victoria
17513,Film i Väst
9349,Film4
1811,FilmColony
816,FilmEngine
268,FilmFernsehFonds Bayern
7302,Filmax Entertainment
269,Filmboard Berlin-Brandenburg (FBB)
6705,Filmfour
4247,Filmförderungsanstalt (FFA)
1003,Filmkameratene A/S
27897,Filmstiftung Nordrhein-Westfalen
8,Fine Line Features
3857,Fireworks Pictures
13534,First Look Pictures
19813,Flower Films (II)
54034,Flux Films
10146,Focus Features
14638,Forest Whitaker's Significant Productions
2980,Forge
19047,Fortress Films
675,Forward Pass
414,Fountainbridge Films
20567,Four By Two Productions
711,Fox 2000 Pictures
2890,Fox Atomic
4887,Fox Filmes do Brasil
43,Fox Searchlight Pictures
2651,Fragile Films
15671,France 2 Cinéma
16804,France 3 Cinema
7454,France Télévision
1403,Franchise Pictures
4616,Freestyle Releasing
52065,Fuego Films
3341,Fuji Television Network
33433,Furthur Films
3656,GAGA
77208,Gama Entertainment Partners
4740,Gary Sanchez Productions
9,Gaumont
360,Geffen Pictures
7512,"Georgetown Productions, Inc."
84042,Ghostcorps
178,Ghoulardi Film Company
32853,Gkids
10442,Glendale Picture Company
19542,Global Emerging Markets (GEM)
9269,Global Entertainment Productions GmbH & Company Medien KG
2484,Golar Productions
12026,Gold Circle Films
2521,Golden Harvest Company
1867,Golden Mean
33632,GraceWorks Pictures
37,Gramercy Pictures
1824,Gravier Productions
35447,Green Tulip Productions
6877,Grive Productions
4205,Groundswell Productions
20788,Gulfstream Pictures
3538,Gunn Films
20851,H2F Entertainment
33252,HH Sheikha Salama bint Hamdan Al Nahyan
1363,Haft Entertainment
2395,HanWay Films
12297,Hand Made Films
2608,Happy Madison Productions
17492,Hargitay & Hargitay Pictures in Motion
11351,Hart-Sharp Entertainment
85817,Harwood Hunt Productions
21742,Haunted Movies
88,Hawk Films
19543,HeLo
42932,Headquarters
7483,Hearst Entertainment Productions
469,Hemdale Film Corporation
9169,Hemisphere Media Capital
24931,Henson Associates (HA)
260,Heritage Films
437,Heyday films
25635,High Five Films
54035,High Line Productions
89635,High Sierra Carpeting
21439,Holleran Company
2994,Hollywood Gang Productions
30257,Hollywood Partners
915,Hollywood Pictures
388,Horizon Pictures
13816,Hyde Park Entertainment
93105,IAC Films
307,IFC Films
7437,IM Global
19116,IMF Internationale Medien und Film GmbH & Co. 3. Produktions KG
65403,IMF Internationale Medien und Film GmbH & Co. Produktions KG
58445,IamOTHER Entertainment
4564,Icon Entertainment International
152,Icon Productions
2870,Identity Films
4131,Ignite Entertainment
5653,Ilion Animation Studios
6704,Illumination Entertainment
11395,ImageMovers
11321,Imaginary Forces
23,Imagine Entertainment
248,Impact Pictures
5218,Imprint Entertainment
1155,Incorporated Television Company
4059,Independent Film Channel
35444,Independent Film Group
9350,Indian Paintbrush
376,Industry Entertainment
61428,Infra-Red Pictures
289,Ingenious Film Partners
22240,Initial Groupe
19482,Inside Track 3
64753,Insight Film Releasing
2731,Intandem Films
763,Intermedia Films
6408,International Traders
10201,Interscope Communications
23207,Invicta Capital
5267,Irish Film Board
814,Isabella Films BV
7274,Island Film Group
2268,Isle of Man Film
12474,J&M Entertainment
76714,JC 23 Entertainment
3893,JF Productions
33251,JMH-TSR
7406,JTP Films
4248,JVC Entertainment Networks
14361,Jaffe-Lansing
87849,Jericho Productions Ltd.
130,Jerry Bruckheimer Films
2596,Jerry Weintraub Productions
216,Jersey Films
44241,Jewson Film
23068,Joe Abrams Productions
5225,Johnson Production Group
19479,KOH
4169,Kanzaman
7311,Kerner Entertainment Company
73949,KirchMedia
10890,Koan Films
12536,Kurtzman/Orci
10285,LD Entertainment
34034,LStar Capital
2675,La Parti Productions
67703,La Pasionaria S.r.l.
1992,La Petite Reine
52064,La Piedra Films
126,Lakeshore Entertainment
12602,Last Waltz Inc.
15577,Latitude Media
326,Laura Ziskin Productions
14180,Laurel Entertainment Inc.
415,Laurence Mark Productions
183,Le Studio Canal+
11921,Le Tax Shelter du Gouvernement Fédéral de Belgique
923,Legendary Pictures
38069,Legion Entertainment
6973,Les Armateurs
20409,Les Editions Albert René
223,Les Films du Losange
11239,Liberator Productions
23920,LightWorkers Media
574,Lightstorm Entertainment
3683,Limited Edition Productions Inc.
2723,Lin Pictures
2812,Lion Rock Productions
35,Lions Gate Films
1632,Lionsgate
10247,Lip Sync Post
9987,Lipsync Productions
26004,Little Big Film Company
1176,Lorimar Film Entertainment
25129,Lumière Pictures
13769,Lynda Obst Productions
11261,M6
1115,M6 Films
393,MACT Productions
11451,MCL Films S.A.
87850,MFF (Sound of Thunder)
8878,MFF Feature Film Productions
746,MTV Films
1757,Mad Chance
6337,Main Street Movie Company
271,Mainstream S.A.
445,Major Studio Partners
171,Malpaso Productions
61374,Management Production Entertainment (MPE)
551,Mandalay Pictures
6667,Mandalay Vision
771,Mandate Pictures
55428,Manderlay
10227,Mandeville Films
20643,Mandragora Movies
61375,Mangrove Media
54610,Mantello Brothers Productions
2527,Marc Platt Productions
4650,Marubeni
5374,Marv Films
19551,Marvel Enterprises
420,Marvel Studios
732,Mate Producciones S.A.
87851,Matrix Film Finance
53462,Matt Tolmach Productions
4000,Maverick Films
27350,Maybe Movies
22881,Mayhem Pictures
24212,Media Cooperation One
2531,Media Rights Capital
12010,Mediapro
26282,Mediastream Film GmbH & Co. Productions KG
6246,Medusa Film
54502,Mel's Cite du Cinema
13351,Melusine Productions
321,Memfis Film
2370,Merchant Ivory Productions
5568,Mercy Creek Entretainment
8411,Metro-Goldwyn-Mayer (MGM)
6127,Metro-Goldwyn-Mayer Pictures
5550,Midwinter Productions Inc.
24,Mikona Productions GmbH & Co. KG
17491,Milkshake Films
10254,Millennium Films
8068,Mindfire Entertainment
19508,Mindhunters (UK) Limited
19509,Mindhunters Productie BV
33250,Ministère du Développement Durable et de la Mer
932,Mirage Enterprises
14,Miramax Films
19579,Molinare Investment
80510,Monkey Dance Productions
4607,"Montecito Picture Company, The"
10210,Morgan Creek Productions
748,Mosaic Media Group
23636,Mostow/Lieberman Productions
11551,Movie Central Network
20478,Moving Picture Company (MPC)
30702,Multicom entertainment
48197,Multitrade
42221,Munich Film Partners & Company (MFP) BTC Productions
15231,Muse Productions
762,Mutual Film Company
738,Myriad Pictures
908,Mystery Clock Cinema
5706,Mythic International Entertainment
8874,N1 European Film Produktions GmbH & Co. KG
29943,N3D Land Productions
76721,Nanny McPhee Productions
804,Natural Nylon Entertainment
12023,Nederlandse Programma Stichting (NPS)
24097,NeoReel
14684,Neunte Babelsberg Film
939,New Legacy
12,New Line Cinema
67171,New Redemption Pictures
10104,New Regency Pictures
1950,New World Pictures
16791,Newman/Tooley Films
506,Newmarket Capital Group
2348,Nickelodeon Movies
6006,Night Chronicles
7636,Nimar Studios
3851,No Frills Film Production
12467,Nomadic Pictures
38072,Nordisk Film Distribution
91543,North West Vision
21541,Northstar International
1996,Novo RPI
4741,Nu Image Entertainment GmbH
925,Nu Image Films
34338,Number 9 Films
345,O2 Filmes
3263,Odd Lot Entertainment
3539,Odyssey Entertainment
2378,Offspring Entertainment
1711,Ognon Pictures
2729,Omnilab Media
10427,Open Road Films
333,Original Film
19507,Outlaw Productions (I)
19511,Outlaw Victoria Productions Inc.
10808,Overnight Films
11440,Ozumi Films
520,Pacific Data Images (PDI)
15829,Pacific Standard
1280,Pacific Western
30268,Pain Unlimited GmbH Filmproduktion
11371,Palomar Pictures (II)
254,Pandora Filmproduktion
58399,Pantelion Films
8746,Papercut Films
16486,Parallel Film Productions
18575,Parallel Pictures
48792,Parallel Zide
2315,Paramount Classics
4,Paramount Pictures
68599,Parker Film Company
49325,Parkes+MacDonald Image Nation
11084,Parkes/MacDonald Productions
21435,Parkwood Entertainment
6735,Participant Media
84041,Pascal Pictures
21126,Pathe Productions
7981,Pathé
4959,Pathé Films
866,Pathé Renn Productions
1561,Pegasus Film Partners
3251,Pelican Productions LLC
12966,Perdido Productions
13792,Perpetual Media Capital
23359,Peter Newman/Interal
11317,Phoenix Pictures
3207,Pictures in Paradise
88533,Pine District Pictures
21845,Pink Machine
9217,Pioneer Pictures
2481,Platinum Dunes
4171,Playtone
4925,Plinyminor
59348,Plywood Productions
48788,Practical Pictures
3870,Premiere Picture
6901,Prescience
15357,Prime Focus
37845,Principato-Young Entertainment
8972,Prommitr International Production
278,Propaganda Films
11441,Propeler
3291,Provident Films
12200,Province of British Columbia Production Services Tax Credit
34207,Prufrock Pictures
88715,Pyramania
186,Pyramide Productions
4729,Q Productions
2981,QI Quality International GmbH Co. KG
25608,Quick Draw Productions
892,Qwerty Films
19385,R&C Produzioni
355,R.P. Productions
6,RKO Radio Pictures
30666,RT Features
14718,Radar Pictures
18990,Radiant Productions
1309,Rainforest Films
12007,Rat Entertainment
28732,RatPac Entertainment
41624,RatPac-Dune Entertainment
20856,Realitism Films
470,Recorded Pictures Company
27892,Red Cube Picture
19177,Red Granite Pictures
12178,Red Hour Films
20789,Red Rover International
21128,Red Turtle
14440,Red Wagon Entertainment
1649,Reforma Films
8794,Refugee Films
508,Regency Enterprises
86256,Reiner / Greisman Productions
19480,Reino del Cielo
7295,Relativity Media
7294,Reliance Entertainment
10222,Reserve Room
41658,Residaco
15495,Revolt Films
163,Revolution Films
497,Revolution Studios
76043,Revolution Sun Studios
12335,Rex Carlton Productions
164,Rhombus Media
53733,Rhulen Entertainment
4307,Rifkin-Eberts
64673,Rigas Entertainment
32157,Right of Way Films
1208,Rising Star
3929,Robert Simonds Productions
23956,Rogue Films
16314,Roth Films
31087,Runteam
6732,Runteam III Ltd.
11661,Rysher Entertainment
33255,Région Basse-Normandie
20346,Région Bretagne
13419,SKA Films
2106,Saban Entertainment
26139,Salter Street Films International
261,Samuel Goldwyn
22514,Samuelson Productions
831,Saturn Films
73620,Saville Productions
87852,Scenario Lane Productions
23072,Schweizerische Radio- und Fernsehgesellschaft (SRG)
7419,Scion Films
1645,Scott Free Productions
258,Scott Rudin Productions
7276,Screen East
3287,Screen Gems
76490,Sea Breeze Productions Inc.
23919,Sechzehnte Babelsberg Film
19936,Second Mate Productions
14315,Section Eight Productions
14631,See Saw Films
191,Senator Film Produktion
28537,Sentinel Productions
805,Serendipity Point Films
12269,ShadowCatcher Entertainment
8791,Sherwood Productions
65082,Shutt/Jones Productions
737,Sidney Kimmel Entertainment
23486,Sienna Films
11369,Sighvatsson Films
53874,Sigma Films
2982,Signature Pictures
23243,Sikelia Productions
1885,Silver Pictures
12075,Silver Reel
10282,Silver Screen Partners IV
12799,Silver Screen Pictures
11442,Silverbell Films
23002,Sindika Dokolo
279,Single Cell Pictures
19926,Skate Away Productions
31073,Slap Happy Productions (II)
7777,Slot Machine
785,Sociedad General de Cine S.A.
9115,Société Radio-Canada
9116,Société de Développement des Entreprises Culturelles (SODEC)
29076,Solipsist Film
34,Sony Pictures
2251,Sony Pictures Animation
472,Soprofilms
1995,Sorolla Films
41999,South Australian Feature Film Company
3046,Spacegate Productions
10370,Spectacle Entertainment Group
10355,Spelling Films
46062,Spy Next Door
158,Spyglass Entertainment
24211,Stan Winston Studio
3146,Starway International Inc.
2885,Starz Animation
11345,Stillking Films
23876,Stoller Global Solutions
60600,Storefront Films
7747,Storefront Pictures
655,Strike Entertainment
4403,Stuber Productions
264,Studio Babelsberg
37826,Studio Babelsberg Motion Pictures
4252,Studio Babelsberg StudioBabelsberg Motion Pictures
5870,Studio Canal
23487,Studio Hamburg International Production (SHIP)
694,StudioCanal
8185,Submarine Entertainment Distributors
87394,Suftley
491,Summit Entertainment
20542,Sun Entertainment Culture
12574,Sundance Channel
5219,Sunswept Entertainment
6181,Svensk Filmindustri (SF)
3221,Sveriges Television (SVT)
14804,Swedish Film Institute
14319,Sycamore Pictures
10443,Synchronicity Films
61409,T2 Productions
1040,TABBAK
473,TAO Film
27893,TBC Films
356,TF1 Films Productions
72441,TIK Films
328,TLA Releasing
6586,TPS Star
2104,Tangled Web Productions
870,Tapestry Films
3782,Tax Credit Finance
12317,Team Ninja
598,Team Todd
37134,Tecmo
26027,Teleclub AG
823,Telepool
8530,Televisió de Catalunya (TV3)
19150,Telewizja Polska (TVP)
12292,Temple Hill Entertainment
65361,Teodora Film
15578,Thai Occidental Productions
10441,The Bureau
22351,The Canton Company
27450,The Combine
1272,The First Channel
807,The Harold Greenberg Fund
11098,The Harvey Entertainment Company
3638,The Jacobson Company
862,The Kennedy/Marshall Company
2499,The Kushner-Locke Company
1557,The Mark Gordon Company
219,The Mirisch Corporation
808,The Movie Network
7714,The New Zealand Film Commission
73334,The Poker House
11565,The Safran Company
5237,The Saul Zaentz Company
308,The Weinstein Company
80,The Zanuck Company
10059,This Is That Productions
380,Thousand Words
1973,Three Strange Angels
4174,Threshold Entertainment
3528,Thunder Road Pictures
36201,Tiger Aspect Pictures
8601,Tim Burton Productions
54036,Tiny Dancer Films
5822,Toei
657,Toho-Towa
19510,Tonna Oy
20790,ToonBox Entertainment
9195,Touchstone Pictures
12362,Tracy Films
22153,Trademark Films
7275,Trailblazer Films
15822,Trancas International Films
2662,Trans-Film
11953,Traveling Film Productions
84,Tree Line Films
1994,Tri Pictures
559,TriStar Pictures
20670,Tribeca Film
11391,Tribeca Productions
33805,Triggerfish Animation
22902,Tripod Entertainment
10807,Troublemaker Studios
306,Twentieth Century Fox Film Corporation
2061,Twisted Pictures
806,Téléfilm Canada
2452,UK Film Council
2320,UTV Motion Pictures
8003,Ultravi Productions
809,Union Générale Cinématographique
60,United Artists
33,Universal Pictures
42,Universal Pictures Corporation
13,Universal Studios
20543,Universe Entertainment
21785,VCL Communications
23238,VIP 4 Medienfonds
23420,Vaughn Productions
34381,Vedette Finance
64898,Veracity Productions
829,Vertigo Entertainment
16934,View Askew Productions
79,Village Roadshow Pictures
17929,Vincent Newman Entertainment
449,Virtual Studios
84424,Vita-Ray Dutch Productions (III)
82784,Vixen Films
46,WDR
12202,WV Films III
10221,Walden Media
11841,Wales Creative IP Fund
8780,Walrus & Associates
5888,Walt Disney
3476,Walt Disney Animation Australia
2,Walt Disney Pictures
3166,Walt Disney Productions
3036,Walt Disney Studios Motion Pictures
3475,Walt Disney Television Animation
11452,Walwa Films S.A.
6194,Warner Bros.
2785,Warner Bros. Animation
174,Warner Bros. Pictures
11509,Warner Independent Pictures (WIP)
4364,Watermark
735,Waverly Films
433,Weed Road Pictures
224,Wega Film
7289,"Weinstein Company, The"
7025,Westdeutscher Rundfunk (WDR)
37812,Westerly Films
3639,Whamaphram Productions
26127,Whitest Pouring Films
49968,Will Packer Productions
6760,Williams Street
68063,Winchester Films
11,WingNut Films
8880,Winkler Films
11845,Wintergreen Productions
4022,Wonderland Sound and Vision
979,Woods Entertainment
10163,Working Title Films
7692,World 2000 Entertainment
1972,X-Filme Creative Pool
12142,XYZ Films
75038,XYZ Funding N.V.
474,Yanco
2448,Yari Film Group
5975,Yleisradio (YLE)
53326,Ypsilon Films
10880,Yuma
70994,Zadan / Meron Productions
20004,"Zanuck Company, The"
72063,Zapruder Films
76,Zentropa Entertainments
8289,Zentropa International Köln
8288,Zentropa International Sweden
26927,i5 Films
87987,lucky crow films
87986,rusty bear entertainment
8676,uFilm
