iso_3166_1,country
AO,Angola
AR,Argentina
AT,Austria
AU,Australia
BA,Bosnia and Herzegovina
BE,Belgium
BR,Brazil
CA,Canada
CH,Switzerland
CM,Cameroon
CN,China
CY,Cyprus
CZ,Czech Republic
DE,Germany
DK,Denmark
ES,Spain
FI,Finland
FR,France
GB,United Kingdom
HK,Hong Kong
HU,Hungary
IE,Ireland
IN,India
IS,Iceland
IT,Italy
JO,Jordan
JP,Japan
KR,South Korea
LU,Luxembourg
MA,Morocco
MC,Monaco
NL,Netherlands
NO,Norway
NZ,New Zealand
PA,Panama
PL,Poland
RO,Romania
RU,Russia
SE,Sweden
SI,Slovenia
TH,Thailand
UA,Ukraine
US,United States of America
ZA,South Africa
