iso_639_1,language
ar,العربية
ca,Català
cn,广州话 / 廣州話
cs,Český
da,Dansk
de,Deutsch
el,ελληνικά
en,English
eo,Esperanto
es,Español
et,Eesti
fi,suomi
fr,Français
he,עִבְרִית
hi,हिन्दी
hu,Magyar
it,Italiano
ja,日本語
kk,қазақ
ko,한국어/조선말
la,Latin
no,Norsk
nv,Unnamed (nv)
pl,Polski
pt,Português
ro,Română
ru,Pусский
sh,Unnamed (sh)
sq,shqip
sv,svenska
th,ภาษาไทย
tr,Türkçe
uk,Український
ur,اردو
vi,Tiếng Việt
xh,Unnamed (xh)
yi,Unnamed (yi)
zh,普通话
